iter,EE,Rsum,Ptot,cost,grad_theta_norm,grad_p_norm,penalty_power,penalty_qos_dl,penalty_qos_ul,mean_sinr_dl_db,mean_sinr_ul_db,mean_direct,mean_reflect,reflect_direct_ratio,active_bs_per_user,avg_ris_load,step_mu,accepted_ls_trials,phase_change_norm,power_change_norm
1,1093487.11231335,338850299.558287,309.880469319318,200.39975005253,3.22107918135235e-08,2.03181964678834,14.5560907917589,95.5402039921727,90.314390139722,-32.8492441675571,-41.4918406383214,2.2134922615688e-13,1.111017675557e-14,0.050192977623946,2,1,1,1,2.3486400069333e-09,0.0603553411948182
2,1093713.67540773,342319997.891282,312.988678470777,210.23630846654,4.07685604933235e-08,2.02703151607779,14.5560907917589,100.683796074441,95.0073587370944,-32.7984111650276,-41.4947476355996,2.2134922615688e-13,1.11101767443381e-14,0.0501929775732029,2,1,1,1,3.23244106670228e-09,0.0588065930408997
3,1094159.40169579,345766206.809624,316.010817321256,220.597929388282,4.90842034792035e-08,2.02248589024631,14.5560907917589,106.104816586965,99.9479636035749,-32.7485062201306,-41.4975783451532,2.2134922615688e-13,1.11101767301221e-14,0.0501929775089784,2,1,1,1,4.09123627687496e-09,0.0573055632320071
4,1094811.96150901,349189530.526391,318.94931988603,231.512735373462,5.71645716356831e-08,2.01817060995142,14.5560907917589,111.81822065182,105.149372049498,-32.6994955909419,-41.5003350035188,2.2134922615688e-13,1.11101767130063e-14,0.0501929774316538,2,1,1,1,4.92573413645336e-09,0.0558509748526185
5,1095659.96978361,352590556.291647,321.80655131654,243.010359399302,6.50163219977668e-08,2.01407408992142,14.5560907917589,117.839770366017,110.625454841224,-32.6513472145368,-41.5030197787329,2.2134922615688e-13,1.1110176693073e-14,0.0501929773415999,2,1,1,1,5.73662101194764e-09,0.054441586676615
6,1096692.89525143,355969854.867306,324.584809848426,255.122026171692,7.26459232540665e-08,2.01018529590617,14.5560907917589,124.18607839559,116.390823913296,-32.6040306023708,-41.5056347725758,2.2134922615688e-13,1.11101766704017e-14,0.0501929772391767,2,1,1,1,6.52456555836419e-09,0.0530761920017469
7,1097900.97992235,359327980.98886,327.286328694481,267.880637817379,8.0059661074868e-08,2.00649372214418,14.5560907917589,130.874653927783,122.460872107637,-32.5575167435712,-41.5081820227344,2.2134922615688e-13,1.11101766450699e-14,0.0501929771247343,2,1,1,1,7.290216927355e-09,0.0517536175080617
8,1099275.16752455,362665473.814586,329.913277884071,281.320864198111,8.72636432895204e-08,2.00298936937728,14.5560907917589,137.923951108989,128.851815049038,-32.5117780154319,-41.5106635048861,2.2134922615688e-13,1.1110176617153e-14,0.0501929769986127,2,1,1,1,8.03420585288065e-09,0.050472722139677
9,1100807.03976102,365982857.362038,332.467766050526,295.479238096635,9.4263804917405e-08,1.9996627234395,14.5560907917589,145.353420103123,135.580735272151,-32.4667881004792,-41.5130811347077,2.2134922615688e-13,1.11101765867241e-14,0.0501929768611424,2,1,1,1,8.75714516101326e-09,0.0492323960094367
10,1102488.75940585,369280640.9325,334.951842167998,310.394255537653,1.01065913056626e-07,1.99650473444004,14.5560907917589,153.183560912344,142.665628721144,-32.4225219095377,-41.5154367698132,2.2134922615688e-13,1.11101765538541e-14,0.0501929767126443,2,1,1,1,9.45963046470088e-09,0.0480315593261056
11,1104313.01940092,372559319.523936,337.367497239186,326.106481521248,1.07675571634439e-07,1.99350679655644,14.5560907917589,161.435980109763,150.12545374992,-32.3789555102846,-41.5177322116214,2.2134922615688e-13,1.11101765186123e-14,0.0501929765534306,2,1,1,1,1.01422404745834e-08,0.0468691613438327
12,1106272.99722633,375819374.232023,339.716665935338,342.658661461434,1.14098226023333e-07,1.99066072845056,14.5560907917589,170.133450641935,157.980182757713,-32.33606606083,-41.5199692071579,2.2134922615688e-13,1.11101764810657e-14,0.0501929763838044,2,1,1,1,1.08055377267746e-08,0.0457441793337356
13,1108362.31392149,379061272.640504,342.001228189858,360.095838637967,1.20339167526553e-07,1.98795875431401,14.5560907917589,179.299974867353,166.250856601994,-32.2938317479053,-41.5221494507944,2.2134922615688e-13,1.11101764412795e-14,0.0501929762040604,2,1,1,1,1.1450068703364e-08,0.04465561757762
14,1110574.99721132,382285469.200266,344.223010746859,378.465477986663,1.26403537736759e-07,1.98539348554856,14.5560907917589,188.96085100639,174.959641938486,-32.2522317292829,-41.5242745859257,2.2134922615688e-13,1.1110176399317e-14,0.0501929760144846,2,1,1,1,1.20763642613202e-08,0.0436025063838975
15,1112905.44826872,385492405.598243,346.383788665902,397.817596570644,1.32296332771416e-07,1.98295790308155,14.5560907917589,199.142743187434,184.129891645934,-32.2112460800853,-41.526346206589,2.2134922615688e-13,1.11101763552399e-14,0.0501929758153554,2,1,1,1,1.26849404431879e-08,0.0425839011259678
16,1115348.41170091,388682511.115873,348.485286784183,418.20490109384,1.38022407388381e-07,1.98064534031538,14.5560907917589,209.873755284099,193.786208502099,-32.1708557426727,-41.528365859027,2.2134922615688e-13,1.1110176309108e-14,0.050192975606943,2,1,1,1,1.32762985035295e-08,0.0415988813033802
17,1117898.94840173,391856202.977576,350.529181137363,439.682932837364,1.43586478985085e-07,1.97844946670617,14.5560907917589,221.183508749032,203.954512286057,-32.1310424798296,-41.5303350431967,2.2134922615688e-13,1.11101762609794e-14,0.0501929753895101,2,1,1,1,1.38509259593159e-08,0.0406465496262806
18,1120552.41095608,395013886.68947,352.51710034021,462.310220420208,1.48993131484611e-07,1.97636427196575,14.5560907917589,233.103224660772,214.662110491787,-32.0917888309918,-41.5322552142269,2.2134922615688e-13,1.11101762109106e-14,0.0501929751633119,2,1,1,1,1.44092956993054e-08,0.0397260311237155
19,1123304.42132239,398155956.368929,354.450626928191,486.148440807088,1.54246819111839e-07,1.97438405087725,14.5560907917589,245.665810212085,225.937772847457,-32.0530780712828,-41.534127783825,2.2134922615688e-13,1.11101761589565e-14,0.0501929749285963,2,1,1,1,1.49518677506736e-08,0.0388364722765261
20,1126150.85054907,401282795.064466,356.331298661112,511.262589009766,1.5935187006279e-07,1.97250338871574,14.5560907917589,258.905949880499,237.811809846013,-32.0148941731469,-41.5359541216367,2.2134922615688e-13,1.11101761051704e-14,0.0501929746856043,2,1,1,1,1.54790899391304e-08,0.0379770401756101
21,1129087.80031509,404394775.067179,358.160609789892,537.721156951551,1.64312490070183e-07,1.97071714726058,14.5560907917589,272.860201534756,250.316155503039,-31.9772217703831,-41.5377355565593,2.2134922615688e-13,1.11101760496042e-14,0.0501929744345701,2,1,1,1,1.59913955877729e-08,0.0371469217065157
22,1132111.58610422,407492258.213169,359.940012287496,565.596321990897,1.69132765868125e-07,1.96902045138789,14.5560907917589,287.567097744794,263.484454570206,-31.940046124406,-41.5394733780106,2.2134922615688e-13,1.11101759923082e-14,0.0501929741757213,2,1,1,1,1.64892074073155e-08,0.0363453227613096
23,1135218.72184859,410575596.1777,361.67091704506,594.964145626249,1.73816668558811e-07,1.96740867622833,14.5560907917589,303.067252577337,277.352154444371,-31.9033530925679,-41.541168837155,2.2134922615688e-13,1.11101759333313e-14,0.0501929739092788,2,1,1,1,1.69729353353432e-08,0.0355714674788217
24,1138405.90589328,413645130.760947,363.354695034168,625.904782933036,1.7836805688398e-07,1.96587743487607,14.5560907917589,319.40347417447,291.956602025866,-31.8671290983968,-41.5428231480891,2.2134922615688e-13,1.11101758727212e-14,0.0501929736354575,2,1,1,1,1.74429778182479e-08,0.0348245975143559
25,1141670.00815282,416701194.166052,364.992678436266,658.502703313152,1.8279068040384e-07,1.96442256663302,14.5560907917589,336.620883428662,307.337145792813,-31.8313611036114,-41.5444374889875,2.2134922615688e-13,1.1110175810524e-14,0.0501929733544663,2,1,1,1,1.78997219925541e-08,0.0341039713400207
26,1145008.05834179,419744109.269025,366.586161740119,692.846923169071,1.87088182586061e-07,1.96304012577284,14.5560907917589,354.767039084926,323.53524337297,-31.7960365817907,-41.5460130032101,2.2134922615688e-13,1.11101757467846e-14,0.0501929730665078,2,1,1,1,1.83435444847088e-08,0.0334088635768137
27,1148417.2351779,422774189.881361,368.136402808228,729.031251147607,1.91264103807396e-07,1.96172637080829,14.5560907917589,373.892069618439,340.594574909761,-31.7611434935806,-41.5475508003738,2.2134922615688e-13,1.11101756815467e-14,0.0501929727717794,2,1,1,1,1.87748105636483e-08,0.0327385643595964
28,1151894.85646498,425791741.005405,369.644623913075,767.154546633272,1.95321884270386e-07,1.96047775424488,14.5560907917589,394.048812255081,358.561162534997,-31.7266702633348,-41.5490519573877,2.2134922615688e-13,1.11101756148527e-14,0.0501929724704724,2,1,1,1,1.91938756983643e-08,0.0320923787360271
29,1155438.36997202,428797059.082035,371.112012744064,807.320992208598,1.99264866837562e-07,1.95929091280549,14.5560907917589,415.292959522372,377.483496278167,-31.6926057570903,-41.5505175194555,2.2134922615688e-13,1.11101755467437e-14,0.0501929721627731,2,1,1,1,1.96010849920643e-08,0.0314696261004433
30,1159045.34503769,431790432.23213,372.539723385964,849.640380836471,2.03096299785466e-07,1.95816265810743,14.5560907917589,437.683213738871,397.412666759291,-31.6589392617887,-41.5519485010443,2.2134922615688e-13,1.11101754772597e-14,0.0501929718488621,2,1,1,1,1.99967741208527e-08,0.0308696396636184
31,1162713.46483125,434772140.490698,373.928877269689,894.228418561819,2.06819339480772e-07,1.95708996777696,14.5560907917589,461.281449872948,418.402505031761,-31.6256604656615,-41.553345886822,2.2134922615688e-13,1.11101754064397e-14,0.0501929715289154,2,1,1,1,2.03812688301128e-08,0.0302917659590933
32,1166440.5192123,437742456.034622,375.28056409617,941.207043572258,2.10437052980692e-07,1.95606997698385,14.5560907917589,486.152887224586,440.509729961105,-31.5927594397013,-41.5547106325648,2.2134922615688e-13,1.11101753343215e-14,0.0501929712031035,2,1,1,1,2.07548861880988e-08,0.029735364386728
33,1170224.39813662,440701643.404254,376.595842734091,990.704762502805,2.1395242055983e-07,1.95509997037944,14.5560907917589,512.366270408853,463.794103546174,-31.5602266201498,-41.5560436660344,2.2134922615688e-13,1.11101752609418e-14,0.0501929708715926,2,1,1,1,2.11179334708999e-08,0.0291998067938349
34,1174063.08555805,443649959.718354,377.875742092241,1042.85700491871,2.17368338165544e-07,1.95417737442317,14.5560907917589,539.994060145655,488.31859461215,-31.5280527919367,-41.5573458878279,2.2134922615688e-13,1.11101751863363e-14,0.0501929705345436,2,1,1,1,2.14707100827384e-08,0.0286844770940672
35,1177954.65378589,446587654.88341,379.12126196717,1097.80649695947,2.20687619803852e-07,1.95329975008032,14.5560907917589,569.112634387696,514.14955132655,-31.4962290730086,-41.5586181721996,2.2134922615688e-13,1.11101751105397e-14,0.0501929701921135,2,1,1,1,2.18135070068634e-08,0.028188770924033
36,1181897.25825673,449514971.796799,380.333373866882,1155.70365518216,2.23912999857836e-07,1.95246478587691,14.5560907917589,599.80250034742,541.356883015567,-31.4647468994932,-41.5598613678571,2.2134922615688e-13,1.11101750335856e-14,0.0501929698444543,2,1,1,1,2.21466060847719e-08,0.0277120953372519
37,1185889.13268671,452432146.544384,381.513021811212,1216.70700169688,2.27047135340465e-07,1.95167029129549,14.5560907917589,632.148518014343,570.014251782106,-31.4335980116451,-41.5610762987315,2.2134922615688e-13,1.11101749555068e-14,0.0501929694917141,2,1,1,1,2.24702817224429e-08,0.0272538685349091
38,1189928.58457191,455339408.592467,382.661123109568,1280.98360174764,2.30092608083678e-07,1.950914190498,14.5560907917589,666.240135786075,600.19927445565,-31.4027744405265,-41.5622637647232,2.2134922615688e-13,1.11101748763352e-14,0.0501929691340365,2,1,1,1,2.27848008091634e-08,0.0268135196324799
39,1194013.99100865,458236980.974589,383.778569116673,1348.70952495314,2.33051926865541e-07,1.9501945163602,14.5560907917589,702.171638870454,631.993735430835,-31.3722684953773,-41.5634245424243,2.2134922615688e-13,1.11101747961015e-14,0.0501929687715612,2,1,1,1,2.30904223752838e-08,0.0263904884610737
40,1198143.79480618,461125080.472729,384.866225966913,1420.07033148979,2.35927529477224e-07,1.94950940480544,14.5560907917589,740.042411151604,665.48381098437,-31.3420727516327,-41.5645593858178,2.2134922615688e-13,1.1110174714836e-14,0.050192968404424,2,1,1,1,2.3387398075668e-08,0.0259842254020096
41,1202316.50086933,464003917.793601,385.924935287925,1495.26158456641,2.38721784731504e-07,1.94885708942281,14.5560907917589,779.957211250683,700.760305688979,-31.31218003955,-41.5656690269551,2.2134922615688e-13,1.11101746325677e-14,0.0501929680327567,2,1,1,1,2.36759727161909e-08,0.0255941912529321
42,1206530.67282938,466873697.740086,386.955514893989,1574.48939061497,2.4143699441444e-07,1.94823589635718,14.5560907917589,822.02646355153,737.918901578413,-31.282583433409,-41.5667541766116,2.2134922615688e-13,1.11101745493251e-14,0.0501929676566875,2,1,1,1,2.39563838208041e-08,0.0252198571234238
43,1210784.92990265,469734619.377663,387.958759459808,1657.97096869834,2.44075395181835e-07,1.94764423945893,14.5560907917589,866.366565003397,777.060420752481,-31.2532762412509,-41.5678155249223,2.2134922615688e-13,1.11101744651357e-14,0.050192967276341,2,1,1,1,2.42288625390109e-08,0.0248607043578884
44,1215077.94395968,472586876.196233,388.935441175217,1745.93525071736,2.46639160402051e-07,1.94708061568055,14.5560907917589,913.100208557189,818.291102147853,-31.2242519951258,-41.5688537419975,2.2134922615688e-13,1.11101743800262e-14,0.050192966891838,2,1,1,1,2.44936335184618e-08,0.0245162244832653
45,1219408.43678863,475430656.267441,389.886310381376,1838.62351408548,2.49130401946676e-07,1.94654360070911,14.5560907917589,962.356724137685,861.722893240403,-31.1955044418187,-41.5698694785185,2.2134922615688e-13,1.11101742940228e-14,0.0501929665032962,2,1,1,1,2.47509142570188e-08,0.0241859191789078
46,1223775.17753763,478266142.39751,390.812096188969,1936.29004862983,2.5155117193054e-07,1.94603184482291,14.5560907917589,1014.2724381039,907.473757485949,-31.1670275340275,-41.570863366316,2.2134922615688e-13,1.11101742071507e-14,0.0501929661108298,2,1,1,1,2.50009171108346e-08,0.0238693002658588
47,1228176.98032242,481093512.275669,391.713507078901,2039.2028595724,2.53903464402496e-07,1.94554406896172,14.5560907917589,1068.99105220127,955.667998349178,-31.1388154219662,-41.5718360189294,2.2134922615688e-13,1.11101741194345e-14,0.0501929657145499,2,1,1,1,2.52438477422599e-08,0.0235658897126158
48,1232612.70198819,483912938.618841,392.591231486009,2147.6444085459,2.56189216988374e-07,1.94507906099996,14.5560907917589,1126.66404306308,1006.43660081807,-31.110862445371,-41.5727880321495,2.2134922615688e-13,1.1110174030898e-14,0.0501929653145644,2,1,1,1,2.54799071107411e-08,0.0232752196544209
49,1237081.24001147,486724589.3116,393.445938366253,2261.91239470584,2.5841031248744e-07,1.94463567221375,14.5560907917589,1187.45108337793,1059.91759134855,-31.0831631258854,-41.5737199845438,2.2134922615688e-13,1.11101739415644e-14,0.0501929649109779,2,1,1,1,2.57092885861295e-08,0.0229968324230754
50,1241581.53053448,489528627.542698,394.278277747868,2382.32057811005,2.60568580423698e-07,1.94421281393116,14.5560907917589,1251.52048589823,1116.25641723536,-31.0557121598051,-41.5746324379666,2.2134922615688e-13,1.11101738514564e-14,0.0501929645038925,2,1,1,1,2.59321817060452e-08,0.0227302805843252
51,1246112.54652084,492325211.937582,395.088881266913,2509.19964765643,2.62665798553299e-07,1.94380945435738,14.5560907917589,1319.04967153078,1175.60634645935,-31.0285044111614,-41.5755259380522,2.2134922615688e-13,1.11101737605957e-14,0.0501929640934071,2,1,1,1,2.61487697877212e-08,0.02247512697987
52,1250673.29602398,495114496.687168,395.878362687674,2642.89813599335,2.64703694329297e-07,1.94342461556579,14.5560907917589,1390.2256628167,1238.12888911785,-31.0015349051258,-41.5764010146936,2.2134922615688e-13,1.11101736690038e-14,0.0501929636796178,2,1,1,1,2.63592313678322e-08,0.0222309447711956
53,1255262.82056037,497896631.672959,396.64731840834,2783.78338394849,2.66683946324971e-07,1.94305737064679,14.5560907917589,1465.24560417922,1303.99424160571,-30.9747988217188,-41.5772581825068,2.2134922615688e-13,1.11101735767012e-14,0.0501929632626181,2,1,1,1,2.65637397970942e-08,0.0219973174825349
54,1259880.19358028,500671762.588734,397.396327952378,2932.24255715899,2.68608185616872e-07,1.94270684100622,14.5560907917589,1544.31731039332,1373.38175477585,-30.9482914898057,-41.5780979412802,2.2134922615688e-13,1.11101734837082e-14,0.0501929628424989,2,1,1,1,2.67624634966994e-08,0.021773839040441
55,1264524.51902873,503440031.05868,398.125954445998,3088.68371773266,2.70477997128739e-07,1.94237219380599,14.5560907917589,1627.65984480937,1446.48042737671,-30.9220083813651,-41.5789207764109,2.2134922615688e-13,1.11101733900441e-14,0.0501929624193483,2,1,1,1,2.69555662015026e-08,0.0215601138076539
56,1269194.92999131,506201574.752455,398.836745082113,3253.53695392237,2.72294920937396e-07,1.94205263953935,14.5560907917589,1715.50412894703,1523.48942613288,-30.8959451060155,-41.5797271593275,2.2134922615688e-13,1.11101732957281e-14,0.0501929619932521,2,1,1,1,2.71432069849384e-08,0.0213557566091486
57,1273890.58741712,508956527.496509,399.529231571171,3427.25557095949,2.74060453541694e-07,1.94174742973482,14.5560907917589,1808.09358516309,1604.61863391051,-30.8700974057867,-41.5805175478996,2.2134922615688e-13,1.11101732007784e-14,0.0501929615642936,2,1,1,1,2.73255403932943e-08,0.0211603927485098
58,1278610.67891632,511705019.382896,400.203930579237,3610.31734635905,2.75776049095562e-07,1.9414558547807,14.5560907917589,1905.68481418954,1690.08922748454,-30.8444611501236,-41.581292386836,2.2134922615688e-13,1.11101731052132e-14,0.0501929611325538,2,1,1,1,2.75027164573682e-08,0.0209736580130315
59,1283354.41762452,514447176.87451,400.861344153666,3803.22585319467,2.77443120606156e-07,1.94117724186545,14.5560907917589,2008.54830943608,1780.13428651101,-30.81903233111,-41.5820521080695,2.2134922615688e-13,1.11101730090497e-14,0.0501929606981114,2,1,1,1,2.76748811032463e-08,0.0207951986661587
60,1288121.04113131,517183122.907618,401.501960136754,4006.51185502536,2.79063041098122e-07,1.94091095302687,14.5560907917589,2116.96921005421,1874.9994353898,-30.7938070589016,-41.582797131131,2.2134922615688e-13,1.11101729123048e-14,0.0501929602610427,2,1,1,1,2.78421764238562e-08,0.0206246714262285
61,1292909.81046797,519912976.991452,402.126252567663,4220.73477636078,2.80637144744908e-07,1.94065638330515,14.5560907917589,2231.24809486807,1974.94351979905,-30.7687815573578,-41.5835278635122,2.2134922615688e-13,1.11101728149952e-14,0.0501929598214221,2,1,1,1,2.80047399493454e-08,0.0204617434306397
62,1297720.00915024,522636855.304876,402.734682072986,4446.48425275987,2.82166727968073e-07,1.94041295899391,14.5560907917589,2351.70181939318,2080.23931977502,-30.7439521598621,-41.584244701017,2.2134922615688e-13,1.11101727171366e-14,0.0501929593793217,2,1,1,1,2.81627054903956e-08,0.0203060921849153
63,1302550.94227351,525354870.790575,403.327696246264,4684.3817648799,2.83653050505489e-07,1.94018013598419,14.5560907917589,2478.66439828264,2191.17430131493,-30.719315305322,-41.5849480281024,2.2134922615688e-13,1.11101726187447e-14,0.0501929589348118,2,1,1,1,2.83162034309495e-08,0.0201574054963011
64,1307401.93565554,528067133.246275,403.905730016758,4935.08236103043,2.85097336449321e-07,1.93995739819706,14.5560907917589,2612.4879356701,2308.05140858793,-30.6948675343392,-41.5856382182098,2.2134922615688e-13,1.11101725198344e-14,0.0501929584879603,2,1,1,1,2.84653600395492e-08,0.0200153813918156
65,1312272.33502564,530773749.413805,404.469206007788,5199.27647302805,2.86500775254641e-07,1.93974425609902,14.5560907917589,2753.54360601138,2431.18989894826,-30.6706054855422,-41.5863156340853,2.2134922615688e-13,1.11101724204206e-14,0.0501929580388336,2,1,1,1,2.86102979014016e-08,0.019879728020864
66,1317161.50525434,533474823.064952,405.018534884937,5477.6918304174,2.87864522719495e-07,1.93954024529767,14.5560907917589,2902.22268816924,2560.92622307145,-30.6465258920735,-41.5869806280915,2.2134922615688e-13,1.11101723205173e-14,0.050192957587496,2,1,1,1,2.87511369450175e-08,0.0197501635427102
67,1322068.82962534,536170455.085836,405.554115694399,5771.09547838551,2.89189701937255e-07,1.93934492521114,14.5560907917589,3058.93765563314,2697.6149526489,-30.622625578223,-41.5876335425092,2.2134922615688e-13,1.11101722201386e-14,0.05019295713401,2,1,1,1,2.88879926578182e-08,0.0196264159993182
68,1326993.70914246,538860743.558081,406.076336191758,6080.29590500082,2.90477404222009e-07,1.93915787780937,14.5560907917589,3224.12332592691,2841.62975821924,-30.5989014562021,-41.5882747098304,2.2134922615688e-13,1.11101721192977e-14,0.0501929566784365,2,1,1,1,2.90209779055815e-08,0.019508223174142
69,1331935.56187265,541545783.838123,406.585573161459,6406.14528370291,2.91728690007778e-07,1.93897870642242,14.5560907917589,3398.23807241832,2993.36443984845,-30.5753505230506,-41.5889044530426,2.2134922615688e-13,1.11101720180078e-14,0.0501929562208343,2,1,1,1,2.91502026762358e-08,0.0193953324376789
70,1336893.82232154,544225668.634159,407.082192727244,6749.54183729525,2.92944589722289e-07,1.93880703461246,14.5560907917589,3581.76510192429,3153.23401351743,-30.5519698576709,-41.5895230859049,2.2134922615688e-13,1.11101719162816e-14,0.050192955761261,2,1,1,1,2.92757724600703e-08,0.0192875005806236
71,1341867.94083977,546900488.080988,407.566550653805,7111.43233003121,2.94126104636023e-07,1.93864250510596,14.5560907917589,3775.2138016859,3321.67585623295,-30.5287566179827,-41.5901309132148,2.2134922615688e-13,1.11101718141314e-14,0.0501929552997721,2,1,1,1,2.93977913927318e-08,0.0191844936355818
72,1346857.3830582,549570329.812674,408.038992639895,7492.81469474469,2.95274207687236e-07,1.93848477878321,14.5560907917589,3979.12115948529,3499.15091304146,-30.5057080381939,-41.5907282310689,2.2134922615688e-13,1.11101717115693e-14,0.050192954836422,2,1,1,1,2.95163598998567e-08,0.0190860866883655
73,1351861.62934992,552235279.033026,408.499854603156,7894.74080235068,2.96389844283647e-07,1.938333533722,14.5560907917589,4194.0532608793,3686.14496929591,-30.4828214261807,-41.5913153271139,2.2134922615688e-13,1.11101716086067e-14,0.0501929543712633,2,1,1,1,2.96315749970223e-08,0.018992063679932
74,1356880.17431887,554895418.584541,408.94946295688,8318.31938143659,2.97473933081431e-07,1.93818846429179,14.5560907917589,4420.60686774183,3883.16999170474,-30.4600941609737,-41.5918924807918,2.2134922615688e-13,1.11101715052552e-14,0.0501929539043469,2,1,1,1,2.97435323111751e-08,0.0189022172000705
75,1361912.52631122,557550829.014813,409.388134878939,8764.71909609564,2.9852736674218e-07,1.93804928029732,14.5560907917589,4659.41108253577,4090.76554189338,-30.4375236903429,-41.5924599635768,2.2134922615688e-13,1.11101714015256e-14,0.0501929534357229,2,1,1,1,2.98523234956806e-08,0.0188163482739098
76,1366958.20695027,560201588.641517,409.816178573116,9235.17179058059,2.99551012668437e-07,1.93791570616726,14.5560907917589,4911.12910297427,4309.50026639663,-30.4151075284802,-41.5930180392059,2.2134922615688e-13,1.11101712974287e-14,0.0501929529654392,2,1,1,1,2.99580384258146e-08,0.0187342661423903
77,1372016.75069234,562847773.615324,410.233893523023,9730.97590983658,3.00545713718429e-07,1.93778748018671,14.5560907917589,5176.46007198644,4539.97346722589,-30.3928432537712,-41.5935669639018,2.2134922615688e-13,1.11101711929748e-14,0.050192952493543,2,1,1,1,3.00607642449205e-08,0.0186557880377398
78,1377087.70440299,565489457.98121,410.641570738857,10253.5001054515,3.01512288900564e-07,1.93766435377051,14.5560907917589,5456.14102816826,4782.81675736853,-30.3707285066563,-41.5941069865906,2.2134922615688e-13,1.11101710881741e-14,0.0501929520200798,2,1,1,1,3.01605852344202e-08,0.018580738955043
79,1382170.62695172,568126713.737792,411.039492997153,10804.1870370933,3.02451534048291e-07,1.93754609077567,14.5560907917589,5750.94896218385,5038.69580582393,-30.3487609875736,-41.5946383491118,2.2134922615688e-13,1.11101709830363e-14,0.0501929515450938,2,1,1,1,3.02575836848191e-08,0.0185089514208965
80,1387265.08882495,570759610.895179,411.427935073768,11384.5573800381,3.0336422247585e-07,1.93743246685048,14.5560907917589,6061.7029848759,5308.31217702132,-30.3269384549823,-41.5951612864225,2.2134922615688e-13,1.1110170877571e-14,0.0501929510686283,2,1,1,1,3.03518397040573e-08,0.0184402652601416
81,1392370.671756,573388217.531215,411.807163970269,11996.2140499767,3.04251105615484e-07,1.93732326881825,14.5560907917589,6389.26661316256,5592.40526972906,-30.3052587234624,-41.5956760267963,2.2134922615688e-13,1.11101707717875e-14,0.0501929505907249,2,1,1,1,3.04434303529032e-08,0.0183745273615855
82,1397486.96837066,576012599.846026,412.177439133906,12421.7294893616,3.05112913636605e-07,1.93721829409417,14.5560907917589,6578.71432012561,5828.47305331396,-30.2837196618869,-41.5961827920153,2.2134922615688e-13,1.11101706656947e-14,0.0501929501114245,2,1,1,1,3.05324316356669e-08,0.0183115914435669
83,1402613.58184782,578632822.214965,412.539012671377,12693.4924874737,3.05950356047453e-07,1.93711735013354,14.5560907917589,6690.97373755899,5987.97668525878,-30.2623191916637,-41.5966817975572,2.2134922615688e-13,1.11101705593014e-14,0.0501929496307664,2,1,1,1,3.06189163013483e-08,0.0182513178201913
84,1407750.12559469,581248947.240264,412.892129556531,12881.3843416864,3.06764122279724e-07,1.93702025390898,14.5560907917589,6793.27689890259,6073.56542949331,-30.2410552850446,-41.5971732527766,2.2134922615688e-13,1.11101704526161e-14,0.0501929491487889,2,1,1,1,3.07029558522827e-08,0.0181935731689651
85,1412896.2229353,583861035.80113,413.237027832203,13061.1564582269,3.07554882256656e-07,1.93692683141587,14.5560907917589,6889.68566763052,6156.92882876689,-30.2199259634979,-41.5976573610814,2.2134922615688e-13,1.1110170345647e-14,0.0501929486655296,2,1,1,1,3.07846198474939e-08,0.0181382303005011
86,1418051.50681153,586469147.102295,413.573938806328,13228.0403224199,3.08323286945047e-07,1.93683691720433,14.5560907917589,6970.18773748262,6243.31067466056,-30.198929296142,-41.5981343201031,2.2134922615688e-13,1.11101702384022e-14,0.0501929481810245,2,1,1,1,3.0863974737853e-08,0.018085167930926
87,1423215.61949656,589073338.721404,413.903087242521,13389.7218477578,3.09069968891644e-07,1.93675035393578,14.5560907917589,7042.32562265699,6332.85436646528,-30.1780633982376,-41.5986043218635,2.2134922615688e-13,1.11101701308894e-14,0.050192947695309,2,1,1,1,3.09410861957235e-08,0.0180342704575394
88,1428388.21231987,591673666.655064,414.224691545245,13525.2905265457,3.09795542744367e-07,1.93666699196325,14.5560907917589,7101.59327427741,6409.15544535867,-30.157326429736,-41.5990675529354,2.2134922615688e-13,1.11101700231163e-14,0.0501929472084171,2,1,1,1,3.10160177996997e-08,0.0179854277382042
89,1433568.94540229,594270185.363279,414.53896393976,13637.0540957795,3.10500605758768e-07,1.93658668893446,14.5560907917589,7150.26406862311,6472.24827205409,-30.136716593881,-41.599524194599,2.2134922615688e-13,1.11101699150901e-14,0.0501929467203822,2,1,1,1,3.10888313995504e-08,0.017938534874914
90,1438757.48740229,596862947.813035,414.846110646963,13743.4800115642,3.11185738290177e-07,1.93650930941543,14.5560907917589,7192.67959319887,6536.25871514845,-30.1162321358624,-41.5999744229939,2.2134922615688e-13,1.11101698068181e-14,0.0501929462312366,2,1,1,1,3.11595862834139e-08,0.017893492001913
91,1443953.51527136,599452005.520362,415.146332053292,13844.7626079602,3.1185150427191e-07,1.93643472453452,14.5560907917589,7228.16115835592,6602.0597983477,-30.0958713415186,-41.6004184092666,2.2134922615688e-13,1.11101696983072e-14,0.0501929457410116,2,1,1,1,3.12283413170365e-08,0.0178502040786745
92,1449156.71401916,602037408.59142,415.439822875817,13948.1022109421,3.12498451679955e-07,1.93636281164513,14.5560907917589,7263.83149821023,6669.72911350729,-30.0756325360864,-41.6008563197135,2.2134922615688e-13,1.11101695895642e-14,0.0501929452497379,2,1,1,1,3.12951527808509e-08,0.0178085806880268
93,1454366.77648701,604619205.762264,415.726772322664,14053.580695514,3.13127112984497e-07,1.93629345400663,14.5560907917589,7299.69128883825,6739.34785955178,-30.0555140829966,-41.60128831592,2.2134922615688e-13,1.11101694805955e-14,0.050192944757445,2,1,1,1,3.13600757493547e-08,0.0177685358396336
94,1459583.40313003,607197444.437553,416.007364248893,14161.28372275,3.13738005588685e-07,1.93622654048189,14.5560907917589,7335.74121586498,6811.00101192728,-30.0355143827122,-41.6017145548953,2.2134922615688e-13,1.11101693714076e-14,0.0501929442641617,2,1,1,1,3.1423163609933e-08,0.0177299877790126
95,1464806.30180693,609772170.728106,416.281777307973,14258.4014207914,3.14331632254962e-07,1.9361619652512,14.5560907917589,7371.98197437344,6871.87800368926,-30.0156318716094,-41.6021351892037,2.2134922615688e-13,1.11101692620067e-14,0.0501929437699161,2,1,1,1,3.14844682858105e-08,0.0176928588022289
96,1470035.18757778,612343429.487511,416.550185098962,14346.7798001495,3.14908481519355e-07,1.9360996275409,14.5560907917589,7408.41426881789,6923.82414089173,-29.9958650208976,-41.6025503670918,2.2134922615688e-13,1.11101691523989e-14,0.0501929432747354,2,1,1,1,3.15440403932173e-08,0.0176570750763532
97,1475269.78250874,614911264.347638,416.812756309536,14430.5614066035,3.15469028094019e-07,1.93603943136679,14.5560907917589,7445.03881293833,6970.9812555712,-29.9762123355782,-41.6029602326119,2.2134922615688e-13,1.11101690425898e-14,0.0501929427786459,2,1,1,1,3.1601929107526e-08,0.0176225664657546
98,1480509.81548355,617475717.753097,417.069654854955,14515.3130670097,3.16013733258413e-07,1.93598128529094,14.5560907917589,7481.85632967803,7018.91545163803,-29.9566723534406,-41.603364925742,2.2134922615688e-13,1.11101689325853e-14,0.0501929422816732,2,1,1,1,3.16581812576606e-08,0.0175892663642546
99,1485755.02202168,620036830.994788,417.321040013108,14601.0629907616,3.16543045239387e-07,1.93592510219127,14.5560907917589,7518.86755110427,7067.65420641578,-29.9372436440927,-41.6037645825024,2.2134922615688e-13,1.11101688223909e-14,0.0501929417838425,2,1,1,1,3.1712844248313e-08,0.0175571115331495
100,1491005.14410274,622594644.242488,417.567066555733,14687.8405734444,3.1705739958053e-07,1.93587079904342,14.5560907917589,7556.07321832996,7117.22617437411,-29.9179248080264,-41.604159335069,2.2134922615688e-13,1.11101687120119e-14,0.050192941285178,2,1,1,1,3.17659618951121e-08,0.0175260419450715
101,1496259.92999669,625149196.576513,417.807884875923,14775.6764488029,3.1755721950106e-07,1.93581829671408,14.5560907917589,7593.47408143828,7167.66123917213,-29.8987144757149,-41.6045493118827,2.2134922615688e-13,1.11101686014535e-14,0.0501929407857032,2,1,1,1,3.18175788025189e-08,0.0174960006336505
102,1501519.13409989,627700526.018496,418.043641112028,14864.6025430364,3.18042916244555e-07,1.93576751976504,14.5560907917589,7631.07089940985,7218.99056802618,-29.8796113067416,-41.6049346377567,2.2134922615688e-13,1.11101684907209e-14,0.050192940285441,2,1,1,1,3.18677372694158e-08,0.0174669335489064
103,1506782.51677632,630248669.561241,418.274477268043,14945.3818871661,3.18514889417827e-07,1.93571839626786,14.5560907917589,7668.86444005186,7261.97642414761,-29.8606139889593,-41.6053154339797,2.2134922615688e-13,1.11101683798188e-14,0.0501929397844136,2,1,1,1,3.19164783127923e-08,0.0174387894182899
104,1512049.84420422,632793663.197821,418.500531330602,15022.9886483273,3.18973527320197e-07,1.93567085762794,14.5560907917589,7706.85547992894,7301.59219810507,-29.8417212376783,-41.6056918184164,2.2134922615688e-13,1.11101682687523e-14,0.0501929392826428,2,1,1,1,3.19638420491411e-08,0.0174115196132774
105,1517320.88822757,635335541.949811,418.721937382651,15101.1073644562,3.1941920726346e-07,1.93562483841804,14.5560907917589,7745.04480429658,7341.52164257674,-29.8229317948821,-41.6060639056058,2.2134922615688e-13,1.11101681575257e-14,0.0501929387801494,2,1,1,1,3.2009867667405e-08,0.01738507802141
106,1522595.42621213,637874339.894672,418.938825713904,15179.7444678335,3.1985229588279e-07,1.93558027622038,14.5560907917589,7783.43320703686,7381.77039595912,-29.8042444284697,-41.6064318068556,2.2134922615688e-13,1.11101680461438e-14,0.0501929382769539,2,1,1,1,3.20545929387895e-08,0.0173594209236453
107,1527873.24090637,640410090.192479,419.151322928186,15258.9065724792,3.20273149438854e-07,1.93553711147708,14.5560907917589,7822.02149059548,7422.34426982437,-29.7856579315243,-41.6067956303347,2.2134922615688e-13,1.11101679346109e-14,0.0501929377730762,2,1,1,1,3.20980545850068e-08,0.017334506876911
108,1533154.12030624,642942825.111749,419.359552047726,15338.600480099,3.20682114111371e-07,1.9354952873484,14.5560907917589,7860.8104659214,7463.24925492703,-29.7671711216061,-41.6071554811624,2.2134922615688e-13,1.11101678229311e-14,0.0501929372685354,2,1,1,1,3.21402885045421e-08,0.0173102966017016
109,1538437.85752452,645472576.054651,419.563632614498,15418.8331862446,3.21079526284371e-07,1.93545474957835,14.5560907917589,7899.80095240831,7504.49152742311,-29.7487828400689,-41.6075114614955,2.2134922615688e-13,1.11101677111088e-14,0.0501929367633504,2,1,1,1,3.21813291211304e-08,0.0172867528745953
110,1543724.25066395,647999373.58149,419.763680788709,15499.611886696,3.21465712823377e-07,1.93541544636718,14.5560907917589,7938.99377783791,7546.0774553088,-29.7304919513999,-41.6078636706129,2.2134922615688e-13,1.1110167599148e-14,0.0501929362575394,2,1,1,1,3.22212106603618e-08,0.0172638404255277
111,1549013.10269402,650523247.43439,419.959809444485,15580.9439840756,3.21840991344747e-07,1.93537732825087,14.5560907917589,7978.38977832478,7588.01360509013,-29.7122973425813,-41.6082122049976,2.2134922615688e-13,1.11101674870524e-14,0.05019293575112,2,1,1,1,3.22599655578399e-08,0.0172415258396775
112,1554304.221332,653044226.560579,420.152128262853,15662.8370946957,3.22205670477392e-07,1.93534034798619,14.5560907917589,8017.98979826327,7630.30674868293,-29.6941979224733,-41.6085571584158,2.2134922615688e-13,1.1110167374826e-14,0.0501929352441094,2,1,1,1,3.22976257168588e-08,0.0172197774638214
113,1559597.41892629,655562339.134508,420.340743822103,15745.2990556601,3.22560050117091e-07,1.9353044604427,14.5560907917589,8057.79469027726,7672.96387056528,-29.676192621217,-41.6088986219953,2.2134922615688e-13,1.11101672624724e-14,0.0501929347365242,2,1,1,1,3.23342221890757e-08,0.017198565316984
114,1564892.5123446,658077612.579981,420.525759685574,15828.3379322116,3.22904421673607e-07,1.9352696224993,14.5560907917589,8097.80531516941,7715.99217517559,-29.6582803896575,-41.6092366842995,2.2134922615688e-13,1.11101671499953e-14,0.0501929342283808,2,1,1,1,3.23697853018225e-08,0.0171778610052517
115,1570189.32286454,660590073.591263,420.707276486972,15911.9620253486,3.23239068310817e-07,1.93523579294665,14.5560907917589,8138.02254187386,7759.39909457617,-29.6404601987855,-41.6095714314013,2.2134922615688e-13,1.11101670373981e-14,0.0501929337196949,2,1,1,1,3.24043440335768e-08,0.0171576376405792
116,1575487.67606684,663099748.153465,420.885392013268,15996.1798797176,3.23564265180036e-07,1.93520293239496,14.5560907917589,8178.44724741084,7803.19229639176,-29.6227310391974,-41.6099029469537,2.2134922615688e-13,1.11101669246841e-14,0.0501929332104818,2,1,1,1,3.24379268666297e-08,0.0171378697634431
117,1580787.40173295,665606661.562858,421.060201285247,16081.0002917799,3.23880279646748e-07,1.93517100318553,14.5560907917589,8219.08031684168,7847.37969202051,-29.6050919205724,-41.6102313122583,2.2134922615688e-13,1.11101668118568e-14,0.0501929327007565,2,1,1,1,3.24705610219364e-08,0.0171185332692061
118,1586088.33374422,668110838.446139,421.231796635785,16166.4323182798,3.24187371510922e-07,1.93513996930784,14.5560907917589,8259.9226432257,7891.96944514564,-29.5875418711674,-41.6105566063329,2.2134922615688e-13,1.11101666989193e-14,0.0501929321905333,2,1,1,1,3.25022742439973e-08,0.0170996053380149
119,1591390.30998438,670612302.779311,421.400267785905,16252.4852850118,3.24485793221085e-07,1.93510979632036,14.5560907917589,8300.9751275801,7936.96998054302,-29.5700799373271,-41.6108789059758,2.2134922615688e-13,1.11101665858747e-14,0.0501929316798263,2,1,1,1,3.25330918161859e-08,0.0170810643681135
120,1596693.17224486,673111077.90617,421.565701918681,16339.1687959012,3.24775790082346e-07,1.93508045127545,14.5560907917589,8342.23867883884,7982.38999320231,-29.5527051830107,-41.6111982858293,2.2134922615688e-13,1.1110166472726e-14,0.0501929311686492,2,1,1,1,3.25630391441713e-08,0.0170628899124194
121,1601996.76613233,675607186.556059,421.72818375106,16426.4927424106,3.25057600458531e-07,1.93505190264814,14.5560907917589,8383.71421381625,8028.23845777028,-29.5354166893328,-41.611514818441,2.2134922615688e-13,1.11101663594763e-14,0.0501929306570152,2,1,1,1,3.25921410683301e-08,0.0170450626182206
122,1607300.94097873,678100650.861166,421.887795603635,16514.467313285,3.25331455968597e-07,1.93502412026873,14.5560907917589,8425.40265716908,8074.52463833355,-29.51821355412,-41.6118285743231,2.2134922615688e-13,1.11101662461282e-14,0.0501929301449374,2,1,1,1,3.26204217015487e-08,0.0170275641698655
123,1612605.54975401,680591492.373447,422.044617468461,16603.1030046397,3.25597581677489e-07,1.93499707525843,14.5560907917589,8467.30494136253,8121.2580985409,-29.50109489148,-41.6121396220106,2.2134922615688e-13,1.11101661326847e-14,0.0501929296324281,2,1,1,1,3.26479038580151e-08,0.0170103772343135
124,1617910.44898099,683079732.081017,422.198727074939,16692.4106304133,3.25856196281599e-07,1.93497073996852,14.5560907917589,8509.4220066354,8168.44871209058,-29.4840598313861,-41.6124480281171,2.2134922615688e-13,1.11101660191484e-14,0.0501929291194995,2,1,1,1,3.26746104205669e-08,0.0169934854094074
125,1623215.49865225,685565390.423962,422.350199953846,16782.4013331922,3.2610751228897e-07,1.93494508792258,14.5560907917589,8551.75480096923,8216.10667358618,-29.4671075192729,-41.6127538573897,2.2134922615688e-13,1.11101659055218e-14,0.0501929286061635,2,1,1,1,3.27005630821149e-08,0.0169768731747685
126,1628520.56214946,688048487.309842,422.499109499543,16873.0865954233,3.26351736194412e-07,1.93492009376161,14.5560907917589,8594.30428005595,8264.24250978123,-29.4502371156459,-41.613057172762,2.2134922615688e-13,1.11101657918077e-14,0.0501929280924317,2,1,1,1,3.27257833794878e-08,0.0169605258451646
127,1633825.50616478,690529042.128775,422.645527030432,16964.4782510219,3.26589068649652e-07,1.93489573319172,14.5560907917589,8637.0714072695,8312.86709121565,-29.4334477957026,-41.6133580354052,2.2134922615688e-13,1.11101656780084e-14,0.0501929275783151,2,1,1,1,3.27502921145865e-08,0.0169444295262674
128,1639130.20062386,693007073.767877,422.789521847694,17056.5884974009,3.26819704628675e-07,1.93487198293486,14.5560907917589,8680.0571536379,8361.99164427325,-29.4167387489657,-41.6136565047788,2.2134922615688e-13,1.11101655641263e-14,0.0501929270638245,2,1,1,1,3.27741090216856e-08,0.0169285710726571
129,1644434.51861156,695482600.625653,422.931161292374,17149.4299079224,3.27043833588387e-07,1.93484882068154,14.5560907917589,8723.26249781487,8411.62776366092,-29.4001091789269,-41.6139526386787,2.2134922615688e-13,1.11101654501638e-14,0.0501929265489708,2,1,1,1,3.27972539597796e-08,0.0169129380479974
130,1649738.33629856,697955640.625566,423.070510800844,17243.0154447981,3.27261639624727e-07,1.93482622504636,14.5560907917589,8766.68842605607,8461.78742533365,-29.3835583027026,-41.6142464932846,2.2134922615688e-13,1.11101653361232e-14,0.0501929260337638,2,1,1,1,3.28197458163653e-08,0.0168975186872515
131,1655041.53287066,700426211.229565,423.207633958695,17337.3584724456,3.27473301624368e-07,1.93480417552532,14.5560907917589,8810.33593219442,8512.48299987476,-29.3670853506993,-41.6145381232059,2.2134922615688e-13,1.11101652220066e-14,0.0501929255182138,2,1,1,1,3.28416033452952e-08,0.0168823018608621
132,1660343.99045939,702894329.45106,423.342592553112,17432.4727713244,3.2767899341212e-07,1.93478265245566,14.5560907917589,8854.20601761627,8563.72726635629,-29.3506895662894,-41.6148275815261,2.2134922615688e-13,1.11101651078162e-14,0.0501929250023304,2,1,1,1,3.286284434852e-08,0.0168672770407822
133,1665645.59407454,705360011.867613,423.47544662376,17521.0210047485,3.27878883894167e-07,1.93476163697736,14.5560907917589,8898.29969123989,8608.18187917281,-29.3343702054969,-41.6151149198463,2.2134922615688e-13,1.1110164993554e-14,0.0501929244861229,2,1,1,1,3.2883486019362e-08,0.0168524342682833
134,1670946.23153784,707823274.633081,423.606254512236,17608.4981856523,3.28073137197243e-07,1.93474111099683,14.5560907917589,8942.61796949599,8651.34083482691,-29.3181265366928,-41.6154001883273,2.2134922615688e-13,1.11101648792222e-14,0.0501929239696005,2,1,1,1,3.29035456181016e-08,0.0168377641234383
135,1676245.79341916,710284133.489732,423.73507291011,17696.4181670067,3.2826191280388e-07,1.93472105715211,14.5560907917589,8987.16187630694,8694.7169623659,-29.3019578402989,-41.61568343573,2.2134922615688e-13,1.11101647648226e-14,0.050192923452772,2,1,1,1,3.29230395401426e-08,0.0168232576962095
136,1681544.17297341,712742603.779762,423.861956905625,17784.7830779424,3.28445365683821e-07,1.93470145877992,14.5560907917589,9031.93244306919,8738.31135952315,-29.2858634085011,-41.6159647094556,2.2134922615688e-13,1.11101646503572e-14,0.0501929229356463,2,1,1,1,3.2941983871688e-08,0.0168089065590493
137,1686841.26607939,715198700.456568,423.986960029058,17873.595060922,3.28623646421717e-07,1.93468229988446,14.5560907917589,9076.93070863604,8782.1251299069,-29.2698425449708,-41.6162440555841,2.2134922615688e-13,1.11101645358279e-14,0.0501929224182315,2,1,1,1,3.29603938784473e-08,0.0167947027409461
138,1692136.97117987,717652438.095689,424.110134296809,17962.8562717537,3.28796901341214e-07,1.93466356510748,14.5560907917589,9122.1577193015,8826.15938303015,-29.2538945645951,-41.6165215189112,2.2134922615688e-13,1.11101644212363e-14,0.0501929219005359,2,1,1,1,3.29782847419544e-08,0.0167806387028418
139,1697431.18922335,720103830.90549,424.231530254236,18052.5688796081,3.28965272625521e-07,1.93464523969991,14.5560907917589,9167.61452878603,8870.41523434216,-29.2380187932142,-41.6167971429856,2.2134922615688e-13,1.11101643065844e-14,0.0501929213825673,2,1,1,1,3.2995671388043e-08,0.0167667073143497
140,1702723.8236071,722552892.737512,424.35119701728,18142.7350670367,3.29128898434574e-07,1.93462730949495,14.5560907917589,9213.30219822164,8914.89380526153,-29.2222145673671,-41.6170709701436,2.2134922615688e-13,1.11101641918737e-14,0.0501929208643334,2,1,1,1,3.30125679970114e-08,0.0167529018317028
141,1708014.78012141,724999637.096505,424.469182312914,18233.3570299905,3.29287913018882e-07,1.9346097608823,14.5560907917589,9259.22179613989,8959.59622320667,-29.2064812340443,-41.6173430415438,2.2134922615688e-13,1.1110164077106e-14,0.0501929203458419,2,1,1,1,3.30289882836982e-08,0.0167392158768789
142,1713303.96689512,727444077.150126,424.585532518444,18324.4369778422,3.29442446830149e-07,1.93459258078388,14.5560907917589,9305.37439846042,9004.52362162965,-29.1908181504481,-41.6176133972004,2.2134922615688e-13,1.11101639622829e-14,0.0501929198270997,2,1,1,1,3.30449457175514e-08,0.016725643417833
143,1718591.29434275,729886225.738523,424.700292699701,18415.9771334059,3.29592626628771e-07,1.93457575663047,14.5560907917589,9351.76108847963,9049.67714004742,-29.1752246837593,-41.6178820760156,2.2134922615688e-13,1.11101638474058e-14,0.0501929193081142,2,1,1,1,3.30604538262677e-08,0.0167121787497866
144,1723876.67511284,732326095.38364,424.813506648151,18507.9797329592,3.29738575588284e-07,1.93455927633937,14.5560907917589,9398.38295686064,9095.0579240735,-29.1597002109114,-41.6181491158111,2.2134922615688e-13,1.11101637324764e-14,0.0501929187888921,2,1,1,1,3.30755248037819e-08,0.0166988164775143
145,1729160.02403664,734763698.297892,424.925216916953,18600.4470262718,3.29880413396864e-07,1.9345431282938,14.5560907917589,9445.24110162605,9140.66712545419,-29.1442441183701,-41.6184145533588,2.2134922615688e-13,1.11101636174961e-14,0.0501929182694401,2,1,1,1,3.30901712091764e-08,0.0166855514985753
146,1734441.25807937,737199046.393191,425.035464856001,18693.3812766253,3.30018256355949e-07,1.93452730132232,14.5560907917589,9492.33662814888,9186.50590209729,-29.1288558019205,-41.6186784244104,2.2134922615688e-13,1.11101635024663e-14,0.0501929177497646,2,1,1,1,3.31044049893654e-08,0.0166723789874518
147,1739720.29629135,739632151.289179,425.144290645969,18786.7847608445,3.30152217476077e-07,1.93451178468003,14.5560907917589,9539.67064914626,9232.57541810943,-29.113534666459,-41.6189407637262,2.2134922615688e-13,1.11101633873885e-14,0.0501929172298719,2,1,1,1,3.31182378735447e-08,0.0166592943805286
148,1744997.05976108,742063024.321595,425.251733331399,18880.6597693209,3.30282406570003e-07,1.93449656803015,14.5560907917589,9587.24428467363,9278.87684382611,-29.0982801257923,-41.6192016051035,2.2134922615688e-13,1.11101632722639e-14,0.0501929167097682,2,1,1,1,3.31316817096002e-08,0.0166462933618866
149,1750271.47156893,744491676.550178,425.357830852847,18975.0086060442,3.30408930343189e-07,1.93448164142673,14.5560907917589,9635.05866211996,9325.41135584717,-29.0830916024409,-41.6194609814036,2.2134922615688e-13,1.1110163157094e-14,0.0501929161894595,2,1,1,1,3.31447461775225e-08,0.0166333718498539
150,1755543.45674212,746918118.766506,425.462620078122,19069.8335886316,3.30531892481728e-07,1.93446699529813,14.5560907917589,9683.11491620301,9372.18013707141,-29.0679685274491,-41.6197189245782,2.2134922615688e-13,1.11101630418799e-14,0.0501929156689514,2,1,1,1,3.3157443259828e-08,0.0166205259842876
151,1760812.94221051,749342361.501444,425.566136832643,19165.1370483587,3.30651393737786e-07,1.93445262043121,14.5560907917589,9731.41418896737,9419.18437672902,-29.0529103401996,-41.6199754656954,2.2134922615688e-13,1.1110162926623e-14,0.0501929151482496,2,1,1,1,3.31697831703245e-08,0.0166077521145386
152,1766079.85676357,751764415.03254,425.668415928929,19260.9213301923,3.30767532012621e-07,1.93443850795631,14.5560907917589,9779.95762978136,9466.42527041774,-29.0379164882336,-41.6202306349647,2.2134922615688e-13,1.11101628113244e-14,0.0501929146273595,2,1,1,1,3.31817752736514e-08,0.0165950467880631
153,1771344.13100837,754184289.391161,425.769491195269,19357.1887928222,3.30880402437252e-07,1.93442464933285,14.5560907917589,9828.74639533584,9513.90402013594,-29.0229864270758,-41.6204844617609,2.2134922615688e-13,1.11101626959853e-14,0.0501929141062866,2,1,1,1,3.31934299580888e-08,0.0165824067396531
154,1776605.69732826,756601994.369374,425.869395503564,19453.941808697,3.30990097450853e-07,1.93441103633568,14.5560907917589,9877.78164964424,9561.62183431794,-29.0081196200643,-41.6207369746482,2.2134922615688e-13,1.11101625806068e-14,0.0501929135850357,2,1,1,1,3.3204757008889e-08,0.0165698288812466
155,1781864.48984269,759017539.526694,425.968160796393,19551.1827640599,3.3109670687692e-07,1.93439766104212,14.5560907917589,9927.06456404167,9609.57992787134,-28.9933155381847,-41.6209882014029,2.2134922615688e-13,1.11101624651901e-14,0.0501929130636121,2,1,1,1,3.32157651501187e-08,0.0165573102922897
156,1787120.44436778,761430934.196575,426.065818113307,19648.9140589844,3.31200317997288e-07,1.9343845158194,14.5560907917589,9976.59631718739,9657.77952220974,-28.9785736599096,-41.6212381690356,2.2134922615688e-13,1.11101623497362e-14,0.0501929125420206,2,1,1,1,3.32264639136177e-08,0.0165448482106235
157,1792373.49837821,763842187.492928,426.162397616386,19747.1381074106,3.31301015624051e-07,1.93437159331271,14.5560907917589,10026.3780950657,9706.22184528812,-28.9638934710415,-41.621486903813,2.2134922615688e-13,1.11101622342462e-14,0.0501929120202657,2,1,1,1,3.32368615600348e-08,0.0165324400238585
158,1797623.59096895,766251308.315996,426.257928615062,19845.857337188,3.31398882169447e-07,1.93435888643418,14.5560907917589,10076.4110909894,9754.90813164279,-28.9492744645603,-41.6217344312788,2.2134922615688e-13,1.11101621187211e-14,0.0501929114983523,2,1,1,1,3.32469668545475e-08,0.0165200832612219
159,1802870.66281923,768658305.358672,426.352439590251,19945.0741901101,3.3149399771377e-07,1.93434638835158,14.5560907917589,10126.6965056031,9803.83962242179,-28.9347161404755,-41.6219807762743,2.2134922615688e-13,1.11101620031618e-14,0.0501929109762847,2,1,1,1,3.32567881960427e-08,0.0165077755858476
160,1808114.65615592,771063187.112046,426.445958217792,20044.7911219605,3.31586440071351e-07,1.93433409247851,14.5560907917589,10177.2355468874,9853.01756542787,-28.9202180056814,-41.6222259629582,2.2134922615688e-13,1.11101618875694e-14,0.0501929104540673,2,1,1,1,3.32663332220735e-08,0.0164955147874785
161,1813355.51471889,773465961.871276,426.538511391231,20145.0106025512,3.31676284854685e-07,1.93432199246414,14.5560907917589,10228.0294301636,9902.44321515097,-28.9057795738165,-41.6224700148257,2.2134922615688e-13,1.11101617719447e-14,0.0501929099317042,2,1,1,1,3.32756100686559e-08,0.0164832987755761
162,1818593.18372648,775866637.741036,426.630125243957,20245.7351157645,3.31763605536727e-07,1.93431008218384,14.5560907917589,10279.0793781004,9952.11783280416,-28.8914003651271,-41.6227129547275,2.2134922615688e-13,1.11101616562887e-14,0.0501929094091996,2,1,1,1,3.32846261286899e-08,0.0164711255727931
163,1823827.60984173,778265222.640784,426.720825170708,20346.9671596007,3.31848473511441e-07,1.93429835573035,14.5560907917589,10330.3866207196,10002.0426863655,-28.8770799063335,-41.6229548048879,2.2134922615688e-13,1.11101615406023e-14,0.0501929088865574,2,1,1,1,3.32933890325487e-08,0.0164589933088056
164,1829058.74113963,780661724.310015,426.810635848475,20448.7092462211,3.31930958152628e-07,1.93428680740502,14.5560907917589,10381.9523954037,10052.2190506131,-28.862817730501,-41.6231955869226,2.2134922615688e-13,1.11101614248862e-14,0.0501929083637815,2,1,1,1,3.33019061031022e-08,0.0164469002144869
165,1834286.52707507,783056150.313355,426.89958125681,20550.9639019926,3.32011126871087e-07,1.9342754317096,14.5560907917589,10433.777946904,10102.6482071621,-28.8486133769131,-41.6234353218555,2.2134922615688e-13,1.11101613091415e-14,0.0501929078408757,2,1,1,1,3.3310183649382e-08,0.0164348446163872
166,1839510.91845114,785448508.045342,426.987684697563,20653.7336675375,3.32089045170163e-07,1.9342642233385,14.5560907917589,10485.8645273488,10153.3314445062,-28.8344663909486,-41.6236740301361,2.2134922615688e-13,1.11101611933687e-14,0.0501929073178436,2,1,1,1,3.33182287901844e-08,0.0164228249315219
167,1844731.8673888,787838804.735366,427.074968814055,20757.0210977776,3.32164776699726e-07,1.93425317717102,14.5560907917589,10538.2133962533,10204.2700580512,-28.8203763239617,-41.623911731655,2.2134922615688e-13,1.11101610775688e-14,0.0501929067946888,2,1,1,1,3.33260482198496e-08,0.0164108396624432
168,1849949.32729627,790227047.452085,427.161455609714,20860.828761988,3.32238383308611e-07,1.9342422882645,14.5560907917589,10590.8258205297,10255.4653501599,-28.8063427331654,-41.6241484457601,2.2134922615688e-13,1.11101609617425e-14,0.0501929062714147,2,1,1,1,3.33336479851489e-08,0.0163988873925745
169,1855163.25284029,792613243.108196,427.247166466179,20965.1592438404,3.32309925095588e-07,1.93423155184702,14.5560907917589,10643.7030744967,10306.9186301845,-28.7923651815174,-41.624384191272,2.2134922615688e-13,1.11101608458905e-14,0.0501929057480245,2,1,1,1,3.3341034516681e-08,0.0163869667818071
170,1860373.59991671,794997398.464519,427.332122160898,21070.0151414615,3.32379460458881e-07,1.93422096331128,14.5560907917589,10696.8464398925,10358.6312145132,-28.7784432376096,-41.6246189864985,2.2134922615688e-13,1.11101607300135e-14,0.0501929052245218,2,1,1,1,3.33482139741003e-08,0.0163750765623296
171,1865580.32562294,797379520.134513,427.416342884221,21175.3990674774,3.32447046144288e-07,1.93421051820786,14.5560907917589,10750.2572058859,10410.604426603,-28.7645764755599,-41.6248528492493,2.2134922615688e-13,1.11101606141123e-14,0.0501929047009095,2,1,1,1,3.33551920780867e-08,0.0163632155346912
172,1870783.38822992,799759614.58816,427.499848256012,21281.3136490729,3.32512737291938e-07,1.93420021223961,14.5560907917589,10803.9366690891,10462.839597026,-28.7507644749069,-41.62508579685,2.2134922615688e-13,1.11101604981876e-14,0.0501929041771906,2,1,1,1,3.33619748785786e-08,0.016351382564074
173,1875982.74715573,802137688.156206,427.582657341795,21387.7615280394,3.3257658748173e-07,1.9341900412555,14.5560907917589,10857.8861335709,10515.3380635042,-28.7370068205068,-41.6253178461561,2.2134922615688e-13,1.11101603822399e-14,0.0501929036533683,2,1,1,1,3.33685668476413e-08,0.0163395765767734
174,1881178.36293883,804513747.033867,427.664788668435,21494.7453608338,3.32638648777478e-07,1.93418000124536,14.5560907917589,10912.1069108715,10568.1011709542,-28.7233031024341,-41.6255490135654,2.2134922615688e-13,1.111016026627e-14,0.0501929031294454,2,1,1,1,3.33749746307371e-08,0.0163277965568668
175,1886370.19721278,806887797.284795,427.746260239384,21602.2678186322,3.32698971769815e-07,1.93417008833448,14.5560907917589,10966.6003200149,10621.1302715275,-28.7096529158833,-41.625779315032,2.2134922615688e-13,1.11101601502784e-14,0.0501929026054247,2,1,1,1,3.33812026020985e-08,0.016316041543067
176,1891558.21268057,809259844.844556,427.827089549487,21710.3315873865,3.32757605617879e-07,1.93416029877858,14.5560907917589,11021.3676875269,10674.42672465,-28.6960558610739,-41.626008766078,2.2134922615688e-13,1.11101600342658e-14,0.0501929020813091,2,1,1,1,3.33872561758682e-08,0.0163043106257478
177,1891558.21268057,809259844.844556,427.827089549487,21818.9385040873,3.32757605617879e-07,1.93416029877858,14.5560907917589,11076.4704423185,10727.9308865591,-28.6960558610739,-41.626008766078,2.2134922615688e-13,1.11101600342658e-14,0.0501929020813091,2,1,9.5367431640625e-07,20,0,0
178,1891558.21268057,809259844.844556,427.827089549487,21928.0906211182,3.32757605617879e-07,1.93416029877858,14.5560907917589,11131.8487420989,10781.7047038096,-28.6960558610739,-41.626008766078,2.2134922615688e-13,1.11101600342658e-14,0.0501929020813091,2,1,9.5367431640625e-07,20,0,0
179,1891558.21268057,809259844.844556,427.827089549487,22037.7906918667,3.32757605617879e-07,1.93416029877858,14.5560907917589,11187.5039631661,10835.749553491,-28.6960558610739,-41.626008766078,2.2134922615688e-13,1.11101600342658e-14,0.0501929020813091,2,1,9.5367431640625e-07,20,0,0
180,1891558.21268057,809259844.844556,427.827089549487,22148.0414841116,3.32757605617879e-07,1.93416029877858,14.5560907917589,11243.4374887572,10890.0668201448,-28.6960558610739,-41.626008766078,2.2134922615688e-13,1.11101600342658e-14,0.0501929020813091,2,1,9.5367431640625e-07,20,0,0
181,1891558.21268057,809259844.844556,427.827089549487,22258.8457800975,3.32757605617879e-07,1.93416029877858,14.5560907917589,11299.6507090807,10944.6578958071,-28.6960558610739,-41.626008766078,2.2134922615688e-13,1.11101600342658e-14,0.0501929020813091,2,1,9.5367431640625e-07,20,0,0
182,1891558.21268057,809259844.844556,427.827089549487,22370.206376611,3.32757605617879e-07,1.93416029877858,14.5560907917589,11356.1450213503,10999.524180051,-28.6960558610739,-41.626008766078,2.2134922615688e-13,1.11101600342658e-14,0.0501929020813091,2,1,9.5367431640625e-07,20,0,0
183,1891558.21268057,809259844.844556,427.827089549487,22482.1260850566,3.32757605617879e-07,1.93416029877858,14.5560907917589,11412.9218298171,11054.6670800299,-28.6960558610739,-41.626008766078,2.2134922615688e-13,1.11101600342658e-14,0.0501929020813091,2,1,9.5367431640625e-07,20,0,0
184,1891558.21268057,809259844.844556,427.827089549487,22594.6077315336,3.32757605617879e-07,1.93416029877858,14.5560907917589,11469.9825458036,11110.0880105204,-28.6960558610739,-41.626008766078,2.2134922615688e-13,1.11101600342658e-14,0.0501929020813091,2,1,9.5367431640625e-07,20,0,0
185,1891558.21268057,809259844.844556,427.827089549487,22707.6541569131,3.32757605617879e-07,1.93416029877858,14.5560907917589,11527.3285877371,11165.7883939664,-28.6960558610739,-41.626008766078,2.2134922615688e-13,1.11101600342658e-14,0.0501929020813091,2,1,9.5367431640625e-07,20,0,0
186,1891558.21268057,809259844.844556,427.827089549487,22821.2682169165,3.32757605617879e-07,1.93416029877858,14.5560907917589,11584.9613811837,11221.7696605231,-28.6960558610739,-41.626008766078,2.2134922615688e-13,1.11101600342658e-14,0.0501929020813091,2,1,9.5367431640625e-07,20,0,0
187,1891558.21268057,809259844.844556,427.827089549487,22935.4527821933,3.32757605617879e-07,1.93416029877858,14.5560907917589,11642.8823588821,11278.0332481015,-28.6960558610739,-41.626008766078,2.2134922615688e-13,1.11101600342658e-14,0.0501929020813091,2,1,9.5367431640625e-07,20,0,0
188,1891558.21268057,809259844.844556,427.827089549487,23050.2107384009,3.32757605617879e-07,1.93416029877858,14.5560907917589,11701.0929607779,11334.5806024133,-28.6960558610739,-41.626008766078,2.2134922615688e-13,1.11101600342658e-14,0.0501929020813091,2,1,9.5367431640625e-07,20,0,0
189,1891558.21268057,809259844.844556,427.827089549487,23165.544986284,3.32757605617879e-07,1.93416029877858,14.5560907917589,11759.5946340582,11391.4131770161,-28.6960558610739,-41.626008766078,2.2134922615688e-13,1.11101600342658e-14,0.0501929020813091,2,1,9.5367431640625e-07,20,0,0
190,1891558.21268057,809259844.844556,427.827089549487,23281.4584417549,3.32757605617879e-07,1.93416029877858,14.5560907917589,11818.3888331863,11448.532433359,-28.6960558610739,-41.626008766078,2.2134922615688e-13,1.11101600342658e-14,0.0501929020813091,2,1,9.5367431640625e-07,20,0,0
191,1891558.21268057,809259844.844556,427.827089549487,23397.9540359746,3.32757605617879e-07,1.93416029877858,14.5560907917589,11877.4770199362,11505.9398408287,-28.6960558610739,-41.626008766078,2.2134922615688e-13,1.11101600342658e-14,0.0501929020813091,2,1,9.5367431640625e-07,20,0,0
192,1891558.21268057,809259844.844556,427.827089549487,23515.0347154342,3.32757605617879e-07,1.93416029877858,14.5560907917589,11936.8606634285,11563.6368767961,-28.6960558610739,-41.626008766078,2.2134922615688e-13,1.11101600342658e-14,0.0501929020813091,2,1,9.5367431640625e-07,20,0,0
193,1891558.21268057,809259844.844556,427.827089549487,23632.7034420371,3.32757605617879e-07,1.93416029877858,14.5560907917589,11996.5412401648,11621.6250266626,-28.6960558610739,-41.626008766078,2.2134922615688e-13,1.11101600342658e-14,0.0501929020813091,2,1,9.5367431640625e-07,20,0,0
194,1891558.21268057,809259844.844556,427.827089549487,23750.9631931819,3.32757605617879e-07,1.93416029877858,14.5560907917589,12056.5202340642,11679.9057839081,-28.6960558610739,-41.626008766078,2.2134922615688e-13,1.11101600342658e-14,0.0501929020813091,2,1,9.5367431640625e-07,20,0,0
195,1891558.21268057,809259844.844556,427.827089549487,23869.8169618455,3.32757605617879e-07,1.93416029877858,14.5560907917589,12116.7991364981,11738.4806501378,-28.6960558610739,-41.626008766078,2.2134922615688e-13,1.11101600342658e-14,0.0501929020813091,2,1,9.5367431640625e-07,20,0,0
196,1891558.21268057,809259844.844556,427.827089549487,23989.2677566677,3.32757605617879e-07,1.93416029877858,14.5560907917589,12177.3794463272,11797.3511351309,-28.6960558610739,-41.626008766078,2.2134922615688e-13,1.11101600342658e-14,0.0501929020813091,2,1,9.5367431640625e-07,20,0,0
197,1891558.21268057,809259844.844556,427.827089549487,24109.3186020352,3.32757605617879e-07,1.93416029877858,14.5560907917589,12238.2626699367,11856.5187568889,-28.6960558610739,-41.626008766078,2.2134922615688e-13,1.11101600342658e-14,0.0501929020813091,2,1,9.5367431640625e-07,20,0,0
198,1891558.21268057,809259844.844556,427.827089549487,24229.9725381673,3.32757605617879e-07,1.93416029877858,14.5560907917589,12299.4503212738,11915.985041684,-28.6960558610739,-41.626008766078,2.2134922615688e-13,1.11101600342658e-14,0.0501929020813091,2,1,9.5367431640625e-07,20,0,0
199,1891558.21268057,809259844.844556,427.827089549487,24351.2326212018,3.32757605617879e-07,1.93416029877858,14.5560907917589,12360.9439218832,11975.751524109,-28.6960558610739,-41.626008766078,2.2134922615688e-13,1.11101600342658e-14,0.0501929020813091,2,1,9.5367431640625e-07,20,0,0
200,1891558.21268057,809259844.844556,427.827089549487,24473.1019232815,3.32757605617879e-07,1.93416029877858,14.5560907917589,12422.745000945,12035.8197471268,-28.6960558610739,-41.626008766078,2.2134922615688e-13,1.11101600342658e-14,0.0501929020813091,2,1,9.5367431640625e-07,20,0,0
201,1891558.21268057,809259844.844556,427.827089549487,24595.5835326412,3.32757605617879e-07,1.93416029877858,14.5560907917589,12484.8550953112,12096.1912621204,-28.6960558610739,-41.626008766078,2.2134922615688e-13,1.11101600342658e-14,0.0501929020813091,2,1,9.5367431640625e-07,20,0,0
202,1891558.21268057,809259844.844556,427.827089549487,24718.6805536964,3.32757605617879e-07,1.93416029877858,14.5560907917589,12547.2757495431,12156.8676289436,-28.6960558610739,-41.626008766078,2.2134922615688e-13,1.11101600342658e-14,0.0501929020813091,2,1,9.5367431640625e-07,20,0,0
203,1891558.21268057,809259844.844556,427.827089549487,24842.3961071306,3.32757605617879e-07,1.93416029877858,14.5560907917589,12610.008515949,12217.8504159719,-28.6960558610739,-41.626008766078,2.2134922615688e-13,1.11101600342658e-14,0.0501929020813091,2,1,9.5367431640625e-07,20,0,0
204,1891558.21268057,809259844.844556,427.827089549487,24966.7333299855,3.32757605617879e-07,1.93416029877858,14.5560907917589,12673.0549546218,12279.141200154,-28.6960558610739,-41.626008766078,2.2134922615688e-13,1.11101600342658e-14,0.0501929020813091,2,1,9.5367431640625e-07,20,0,0
205,1891558.21268057,809259844.844556,427.827089549487,25091.6953757505,3.32757605617879e-07,1.93416029877858,14.5560907917589,12736.416633477,12340.7415670639,-28.6960558610739,-41.626008766078,2.2134922615688e-13,1.11101600342658e-14,0.0501929020813091,2,1,9.5367431640625e-07,20,0,0
206,1891558.21268057,809259844.844556,427.827089549487,25217.2854144532,3.32757605617879e-07,1.93416029877858,14.5560907917589,12800.095128291,12402.6531109526,-28.6960558610739,-41.626008766078,2.2134922615688e-13,1.11101600342658e-14,0.0501929020813091,2,1,9.5367431640625e-07,20,0,0
207,1891558.21268057,809259844.844556,427.827089549487,25343.5066327505,3.32757605617879e-07,1.93416029877858,14.5560907917589,12864.0920227393,12464.8774348015,-28.6960558610739,-41.626008766078,2.2134922615688e-13,1.11101600342658e-14,0.0501929020813091,2,1,9.5367431640625e-07,20,0,0
208,1891558.21268057,809259844.844556,427.827089549487,25470.3622340206,3.32757605617879e-07,1.93416029877858,14.5560907917589,12928.4089084355,12527.4161503755,-28.6960558610739,-41.626008766078,2.2134922615688e-13,1.11101600342658e-14,0.0501929020813091,2,1,9.5367431640625e-07,20,0,0
209,1891558.21268057,809259844.844556,427.827089549487,25597.8554384556,3.32757605617879e-07,1.93416029877858,14.5560907917589,12993.0473849696,12590.2708782764,-28.6960558610739,-41.626008766078,2.2134922615688e-13,1.11101600342658e-14,0.0501929020813091,2,1,9.5367431640625e-07,20,0,0
210,1891558.21268057,809259844.844556,427.827089549487,25725.9894831547,3.32757605617879e-07,1.93416029877858,14.5560907917589,13058.0090599478,12653.4432479973,-28.6960558610739,-41.626008766078,2.2134922615688e-13,1.11101600342658e-14,0.0501929020813091,2,1,9.5367431640625e-07,20,0,0
211,1891558.21268057,809259844.844556,427.827089549487,25854.7676222179,3.32757605617879e-07,1.93416029877858,14.5560907917589,13123.2955490311,12716.9348979771,-28.6960558610739,-41.626008766078,2.2134922615688e-13,1.11101600342658e-14,0.0501929020813091,2,1,9.5367431640625e-07,20,0,0
212,1891558.21268057,809259844.844556,427.827089549487,25984.193126841,3.32757605617879e-07,1.93416029877858,14.5560907917589,13188.9084759756,12780.7474756557,-28.6960558610739,-41.626008766078,2.2134922615688e-13,1.11101600342658e-14,0.0501929020813091,2,1,9.5367431640625e-07,20,0,0
213,1891558.21268057,809259844.844556,427.827089549487,26114.2692854105,3.32757605617879e-07,1.93416029877858,14.5560907917589,13254.8494726714,12844.8826375295,-28.6960558610739,-41.626008766078,2.2134922615688e-13,1.11101600342658e-14,0.0501929020813091,2,1,9.5367431640625e-07,20,0,0
214,1891558.21268057,809259844.844556,427.827089549487,26244.9994036001,3.32757605617879e-07,1.93416029877858,14.5560907917589,13321.1201791834,12909.3420492071,-28.6960558610739,-41.626008766078,2.2134922615688e-13,1.11101600342658e-14,0.0501929020813091,2,1,9.5367431640625e-07,20,0,0
215,1891558.21268057,809259844.844556,427.827089549487,26376.386804467,3.32757605617879e-07,1.93416029877858,14.5560907917589,13387.7222437907,12974.1273854667,-28.6960558610739,-41.626008766078,2.2134922615688e-13,1.11101600342658e-14,0.0501929020813091,2,1,9.5367431640625e-07,20,0,0
216,1891558.21268057,809259844.844556,427.827089549487,26508.4348285496,3.32757605617879e-07,1.93416029877858,14.5560907917589,13454.657323028,13039.240330312,-28.6960558610739,-41.626008766078,2.2134922615688e-13,1.11101600342658e-14,0.0501929020813091,2,1,9.5367431640625e-07,20,0,0
217,1891558.21268057,809259844.844556,427.827089549487,26641.1468339655,3.32757605617879e-07,1.93416029877858,14.5560907917589,13521.9270817252,13104.6825770306,-28.6960558610739,-41.626008766078,2.2134922615688e-13,1.11101600342658e-14,0.0501929020813091,2,1,9.5367431640625e-07,20,0,0
218,1891558.21268057,809259844.844556,427.827089549487,26774.5261965105,3.32757605617879e-07,1.93416029877858,14.5560907917589,13589.5331930493,13170.4558282516,-28.6960558610739,-41.626008766078,2.2134922615688e-13,1.11101600342658e-14,0.0501929020813091,2,1,9.5367431640625e-07,20,0,0
219,1891558.21268057,809259844.844556,427.827089549487,26908.5763097583,3.32757605617879e-07,1.93416029877858,14.5560907917589,13657.4773385447,13236.561796004,-28.6960558610739,-41.626008766078,2.2134922615688e-13,1.11101600342658e-14,0.0501929020813091,2,1,9.5367431640625e-07,20,0,0
220,1891558.21268057,809259844.844556,427.827089549487,27043.3005851606,3.32757605617879e-07,1.93416029877858,14.5560907917589,13725.7612081749,13303.002201776,-28.6960558610739,-41.626008766078,2.2134922615688e-13,1.11101600342658e-14,0.0501929020813091,2,1,9.5367431640625e-07,20,0,0
221,1891558.21268057,809259844.844556,427.827089549487,27178.7024521483,3.32757605617879e-07,1.93416029877858,14.5560907917589,13794.3865003643,13369.7787765744,-28.6960558610739,-41.626008766078,2.2134922615688e-13,1.11101600342658e-14,0.0501929020813091,2,1,9.5367431640625e-07,20,0,0
222,1891558.21268057,809259844.844556,427.827089549487,27314.7853582337,3.32757605617879e-07,1.93416029877858,14.5560907917589,13863.3549220395,13436.8932609845,-28.6960558610739,-41.626008766078,2.2134922615688e-13,1.11101600342658e-14,0.0501929020813091,2,1,9.5367431640625e-07,20,0,0
223,1891558.21268057,809259844.844556,427.827089549487,27451.5527691123,3.32757605617879e-07,1.93416029877858,14.5560907917589,13932.6681886717,13504.347405231,-28.6960558610739,-41.626008766078,2.2134922615688e-13,1.11101600342658e-14,0.0501929020813091,2,1,9.5367431640625e-07,20,0,0
224,1891558.21268057,809259844.844556,427.827089549487,27589.008168767,3.32757605617879e-07,1.93416029877858,14.5560907917589,14002.3280243187,13572.1429692386,-28.6960558610739,-41.626008766078,2.2134922615688e-13,1.11101600342658e-14,0.0501929020813091,2,1,9.5367431640625e-07,20,0,0
225,1891558.21268057,809259844.844556,427.827089549487,27727.1550595716,3.32757605617879e-07,1.93416029877858,14.5560907917589,14072.3361616678,13640.2817226942,-28.6960558610739,-41.626008766078,2.2134922615688e-13,1.11101600342658e-14,0.0501929020813091,2,1,9.5367431640625e-07,20,0,0
226,1891558.21268057,809259844.844556,427.827089549487,27865.9969623961,3.32757605617879e-07,1.93416029877858,14.5560907917589,14142.6943420779,13708.7654451086,-28.6960558610739,-41.626008766078,2.2134922615688e-13,1.11101600342658e-14,0.0501929020813091,2,1,9.5367431640625e-07,20,0,0
227,1891558.21268057,809259844.844556,427.827089549487,28005.5374167119,3.32757605617879e-07,1.93416029877858,14.5560907917589,14213.404315623,13777.5959258793,-28.6960558610739,-41.626008766078,2.2134922615688e-13,1.11101600342658e-14,0.0501929020813091,2,1,9.5367431640625e-07,20,0,0
228,1891558.21268057,809259844.844556,427.827089549487,28145.7799806988,3.32757605617879e-07,1.93416029877858,14.5560907917589,14284.4678411352,13846.7749643539,-28.6960558610739,-41.626008766078,2.2134922615688e-13,1.11101600342658e-14,0.0501929020813091,2,1,9.5367431640625e-07,20,0,0
229,1891558.21268057,809259844.844556,427.827089549487,28286.7282313516,3.32757605617879e-07,1.93416029877858,14.5560907917589,14355.886686248,13916.304369894,-28.6960558610739,-41.626008766078,2.2134922615688e-13,1.11101600342658e-14,0.0501929020813091,2,1,9.5367431640625e-07,20,0,0
230,1891558.21268057,809259844.844556,427.827089549487,28428.3857645888,3.32757605617879e-07,1.93416029877858,14.5560907917589,14427.6626274399,13986.1859619392,-28.6960558610739,-41.626008766078,2.2134922615688e-13,1.11101600342658e-14,0.0501929020813091,2,1,9.5367431640625e-07,20,0,0
231,1891558.21268057,809259844.844556,427.827089549487,28570.7561953607,3.32757605617879e-07,1.93416029877858,14.5560907917589,14499.7974500788,14056.4215700722,-28.6960558610739,-41.626008766078,2.2134922615688e-13,1.11101600342658e-14,0.0501929020813091,2,1,9.5367431640625e-07,20,0,0
232,1891558.21268057,809259844.844556,427.827089549487,28713.8431577596,3.32757605617879e-07,1.93416029877858,14.5560907917589,14572.2929484654,14127.0130340846,-28.6960558610739,-41.626008766078,2.2134922615688e-13,1.11101600342658e-14,0.0501929020813091,2,1,9.5367431640625e-07,20,0,0
233,1891558.21268057,809259844.844556,427.827089549487,28857.6503051299,3.32757605617879e-07,1.93416029877858,14.5560907917589,14645.1509258779,14197.9622040423,-28.6960558610739,-41.626008766078,2.2134922615688e-13,1.11101600342658e-14,0.0501929020813091,2,1,9.5367431640625e-07,20,0,0
234,1891558.21268057,809259844.844556,427.827089549487,29002.1813101795,3.32757605617879e-07,1.93416029877858,14.5560907917589,14718.3731946168,14269.2709403531,-28.6960558610739,-41.626008766078,2.2134922615688e-13,1.11101600342658e-14,0.0501929020813091,2,1,9.5367431640625e-07,20,0,0
235,1891558.21268057,809259844.844556,427.827089549487,29147.4398650919,3.32757605617879e-07,1.93416029877858,14.5560907917589,14791.9615760492,14340.9411138331,-28.6960558610739,-41.626008766078,2.2134922615688e-13,1.11101600342658e-14,0.0501929020813091,2,1,9.5367431640625e-07,20,0,0
236,1891558.21268057,809259844.844556,427.827089549487,29293.429681639,3.32757605617879e-07,1.93416029877858,14.5560907917589,14865.9179006543,14412.974605775,-28.6960558610739,-41.626008766078,2.2134922615688e-13,1.11101600342658e-14,0.0501929020813091,2,1,9.5367431640625e-07,20,0,0
237,1891558.21268057,809259844.844556,427.827089549487,29440.1544912948,3.32757605617879e-07,1.93416029877858,14.5560907917589,14940.2440080686,14485.3733080165,-28.6960558610739,-41.626008766078,2.2134922615688e-13,1.11101600342658e-14,0.0501929020813091,2,1,9.5367431640625e-07,20,0,0
238,1891558.21268057,809259844.844556,427.827089549487,29587.6180453503,3.32757605617879e-07,1.93416029877858,14.5560907917589,15014.9417471313,14558.1391230094,-28.6960558610739,-41.626008766078,2.2134922615688e-13,1.11101600342658e-14,0.0501929020813091,2,1,9.5367431640625e-07,20,0,0
239,1891558.21268057,809259844.844556,427.827089549487,29735.8241150286,3.32757605617879e-07,1.93416029877858,14.5560907917589,15090.01297593,14631.273963889,-28.6960558610739,-41.626008766078,2.2134922615688e-13,1.11101600342658e-14,0.0501929020813091,2,1,9.5367431640625e-07,20,0,0
240,1891558.21268057,809259844.844556,427.827089549487,29884.7764916015,3.32757605617879e-07,1.93416029877858,14.5560907917589,15165.4595618471,14704.7797545447,-28.6960558610739,-41.626008766078,2.2134922615688e-13,1.11101600342658e-14,0.0501929020813091,2,1,9.5367431640625e-07,20,0,0
241,1891558.21268057,809259844.844556,427.827089549487,30034.4789865065,3.32757605617879e-07,1.93416029877858,14.5560907917589,15241.2833816058,14778.6584296911,-28.6960558610739,-41.626008766078,2.2134922615688e-13,1.11101600342658e-14,0.0501929020813091,2,1,9.5367431640625e-07,20,0,0
242,1891558.21268057,809259844.844556,427.827089549487,30184.935431465,3.32757605617879e-07,1.93416029877858,14.5560907917589,15317.4863213164,14852.911934939,-28.6960558610739,-41.626008766078,2.2134922615688e-13,1.11101600342658e-14,0.0501929020813091,2,1,9.5367431640625e-07,20,0,0
243,1891558.21268057,809259844.844556,427.827089549487,30336.149678601,3.32757605617879e-07,1.93416029877858,14.5560907917589,15394.0702765234,14927.542226868,-28.6960558610739,-41.626008766078,2.2134922615688e-13,1.11101600342658e-14,0.0501929020813091,2,1,9.5367431640625e-07,20,0,0
244,1891558.21268057,809259844.844556,427.827089549487,30488.1256005614,3.32757605617879e-07,1.93416029877858,14.5560907917589,15471.0371522525,15002.5512730993,-28.6960558610739,-41.626008766078,2.2134922615688e-13,1.11101600342658e-14,0.0501929020813091,2,1,9.5367431640625e-07,20,0,0
245,1891558.21268057,809259844.844556,427.827089549487,30640.8670906362,3.32757605617879e-07,1.93416029877858,14.5560907917589,15548.3888630573,15077.9410523693,-28.6960558610739,-41.626008766078,2.2134922615688e-13,1.11101600342658e-14,0.0501929020813091,2,1,9.5367431640625e-07,20,0,0
246,1891558.21268057,809259844.844556,427.827089549487,30794.3780628806,3.32757605617879e-07,1.93416029877858,14.5560907917589,15626.1273330673,15153.7135546036,-28.6960558610739,-41.626008766078,2.2134922615688e-13,1.11101600342658e-14,0.0501929020813091,2,1,9.5367431640625e-07,20,0,0
247,1891558.21268057,809259844.844556,427.827089549487,30948.6624522371,3.32757605617879e-07,1.93416029877858,14.5560907917589,15704.2544960356,15229.8707809919,-28.6960558610739,-41.626008766078,2.2134922615688e-13,1.11101600342658e-14,0.0501929020813091,2,1,9.5367431640625e-07,20,0,0
248,1891558.21268057,809259844.844556,427.827089549487,31103.7242146596,3.32757605617879e-07,1.93416029877858,14.5560907917589,15782.7722953864,15306.4147440636,-28.6960558610739,-41.626008766078,2.2134922615688e-13,1.11101600342658e-14,0.0501929020813091,2,1,9.5367431640625e-07,20,0,0
249,1891558.21268057,809259844.844556,427.827089549487,31259.5673272373,3.32757605617879e-07,1.93416029877858,14.5560907917589,15861.6826842637,15383.3474677639,-28.6960558610739,-41.626008766078,2.2134922615688e-13,1.11101600342658e-14,0.0501929020813091,2,1,9.5367431640625e-07,20,0,0
250,1891558.21268057,809259844.844556,427.827089549487,31416.1957883203,3.32757605617879e-07,1.93416029877858,14.5560907917589,15940.9876255796,15460.670987531,-28.6960558610739,-41.626008766078,2.2134922615688e-13,1.11101600342658e-14,0.0501929020813091,2,1,9.5367431640625e-07,20,0,0
251,1891558.21268057,809259844.844556,427.827089549487,31573.6136176457,3.32757605617879e-07,1.93416029877858,14.5560907917589,16020.6890920629,15538.3873503732,-28.6960558610739,-41.626008766078,2.2134922615688e-13,1.11101600342658e-14,0.0501929020813091,2,1,9.5367431640625e-07,20,0,0
252,1891558.21268057,809259844.844556,427.827089549487,31731.8248564655,3.32757605617879e-07,1.93416029877858,14.5560907917589,16100.7890663081,15616.4986149477,-28.6960558610739,-41.626008766078,2.2134922615688e-13,1.11101600342658e-14,0.0501929020813091,2,1,9.5367431640625e-07,20,0,0
253,1891558.21268057,809259844.844556,427.827089549487,31890.8335676738,3.32757605617879e-07,1.93416029877858,14.5560907917589,16181.2895408247,15695.0068516394,-28.6960558610739,-41.626008766078,2.2134922615688e-13,1.11101600342658e-14,0.0501929020813091,2,1,9.5367431640625e-07,20,0,0
254,1891558.21268057,809259844.844556,427.827089549487,32050.6438359371,3.32757605617879e-07,1.93416029877858,14.5560907917589,16262.1925180867,15773.9141426408,-28.6960558610739,-41.626008766078,2.2134922615688e-13,1.11101600342658e-14,0.0501929020813091,2,1,9.5367431640625e-07,20,0,0
255,1891558.21268057,809259844.844556,427.827089549487,32211.2597678239,3.32757605617879e-07,1.93416029877858,14.5560907917589,16343.5000105821,15853.2225820322,-28.6960558610739,-41.626008766078,2.2134922615688e-13,1.11101600342658e-14,0.0501929020813091,2,1,9.5367431640625e-07,20,0,0
256,1891558.21268057,809259844.844556,427.827089549487,32372.6854919358,3.32757605617879e-07,1.93416029877858,14.5560907917589,16425.2140408629,15932.9342758633,-28.6960558610739,-41.626008766078,2.2134922615688e-13,1.11101600342658e-14,0.0501929020813091,2,1,9.5367431640625e-07,20,0,0
257,1891558.21268057,809259844.844556,427.827089549487,32534.9251590403,3.32757605617879e-07,1.93416029877858,14.5560907917589,16507.3366415956,16013.0513422351,-28.6960558610739,-41.626008766078,2.2134922615688e-13,1.11101600342658e-14,0.0501929020813091,2,1,9.5367431640625e-07,20,0,0
258,1891558.21268057,809259844.844556,427.827089549487,32697.9829422034,3.32757605617879e-07,1.93416029877858,14.5560907917589,16589.8698556114,16093.5759113824,-28.6960558610739,-41.626008766078,2.2134922615688e-13,1.11101600342658e-14,0.0501929020813091,2,1,9.5367431640625e-07,20,0,0
259,1891558.21268057,809259844.844556,427.827089549487,32861.8630369243,3.32757605617879e-07,1.93416029877858,14.5560907917589,16672.8157359571,16174.5101257576,-28.6960558610739,-41.626008766078,2.2134922615688e-13,1.11101600342658e-14,0.0501929020813091,2,1,9.5367431640625e-07,20,0,0
260,1891558.21268057,809259844.844556,427.827089549487,33026.5696612705,3.32757605617879e-07,1.93416029877858,14.5560907917589,16756.1763459459,16255.856140115,-28.6960558610739,-41.626008766078,2.2134922615688e-13,1.11101600342658e-14,0.0501929020813091,2,1,9.5367431640625e-07,20,0,0
261,1891558.21268057,809259844.844556,427.827089549487,33192.1070560141,3.32757605617879e-07,1.93416029877858,14.5560907917589,16839.9537592089,16337.6161215955,-28.6960558610739,-41.626008766078,2.2134922615688e-13,1.11101600342658e-14,0.0501929020813091,2,1,9.5367431640625e-07,20,0,0
262,1891558.21268057,809259844.844556,427.827089549487,33358.4794847692,3.32757605617879e-07,1.93416029877858,14.5560907917589,16924.1500597465,16419.7922498131,-28.6960558610739,-41.626008766078,2.2134922615688e-13,1.11101600342658e-14,0.0501929020813091,2,1,9.5367431640625e-07,20,0,0
263,1891558.21268057,809259844.844556,427.827089549487,33525.6912341306,3.32757605617879e-07,1.93416029877858,14.5560907917589,17008.7673419799,16502.386716941,-28.6960558610739,-41.626008766078,2.2134922615688e-13,1.11101600342658e-14,0.0501929020813091,2,1,9.5367431640625e-07,20,0,0
264,1891558.21268057,809259844.844556,427.827089549487,33693.7466138128,3.32757605617879e-07,1.93416029877858,14.5560907917589,17093.8077108039,16585.4017277993,-28.6960558610739,-41.626008766078,2.2134922615688e-13,1.11101600342658e-14,0.0501929020813091,2,1,9.5367431640625e-07,20,0,0
265,1891558.21268057,809259844.844556,427.827089549487,33862.6499567914,3.32757605617879e-07,1.93416029877858,14.5560907917589,17179.2732816382,16668.8394999435,-28.6960558610739,-41.626008766078,2.2134922615688e-13,1.11101600342658e-14,0.0501929020813091,2,1,9.5367431640625e-07,20,0,0
266,1891558.21268057,809259844.844556,427.827089549487,34032.4056194439,3.32757605617879e-07,1.93416029877858,14.5560907917589,17265.1661804809,16752.7022637534,-28.6960558610739,-41.626008766078,2.2134922615688e-13,1.11101600342658e-14,0.0501929020813091,2,1,9.5367431640625e-07,20,0,0
267,1891558.21268057,809259844.844556,427.827089549487,34203.0179816934,3.32757605617879e-07,1.93416029877858,14.5560907917589,17351.4885439607,16836.9922625231,-28.6960558610739,-41.626008766078,2.2134922615688e-13,1.11101600342658e-14,0.0501929020813091,2,1,9.5367431640625e-07,20,0,0
268,1891558.21268057,809259844.844556,427.827089549487,34374.491447152,3.32757605617879e-07,1.93416029877858,14.5560907917589,17438.2425193901,16921.7117525522,-28.6960558610739,-41.626008766078,2.2134922615688e-13,1.11101600342658e-14,0.0501929020813091,2,1,9.5367431640625e-07,20,0,0
269,1891558.21268057,809259844.844556,427.827089549487,34546.8304432659,3.32757605617879e-07,1.93416029877858,14.5560907917589,17525.4302648192,17006.863003237,-28.6960558610739,-41.626008766078,2.2134922615688e-13,1.11101600342658e-14,0.0501929020813091,2,1,9.5367431640625e-07,20,0,0
270,1891558.21268057,809259844.844556,427.827089549487,34720.0394214619,3.32757605617879e-07,1.93416029877858,14.5560907917589,17613.0539490889,17092.4482971633,-28.6960558610739,-41.626008766078,2.2134922615688e-13,1.11101600342658e-14,0.0501929020813091,2,1,9.5367431640625e-07,20,0,0
271,1891558.21268057,809259844.844556,427.827089549487,34894.1228572946,3.32757605617879e-07,1.93416029877858,14.5560907917589,17701.1157518849,17178.4699302001,-28.6960558610739,-41.626008766078,2.2134922615688e-13,1.11101600342658e-14,0.0501929020813091,2,1,9.5367431640625e-07,20,0,0
272,1891558.21268057,809259844.844556,427.827089549487,35069.085250595,3.32757605617879e-07,1.93416029877858,14.5560907917589,17789.6178637918,17264.9302115936,-28.6960558610739,-41.626008766078,2.2134922615688e-13,1.11101600342658e-14,0.0501929020813091,2,1,9.5367431640625e-07,20,0,0
273,1891558.21268057,809259844.844556,427.827089549487,35244.9311256202,3.32757605617879e-07,1.93416029877858,14.5560907917589,17878.562486348,17351.8314640626,-28.6960558610739,-41.626008766078,2.2134922615688e-13,1.11101600342658e-14,0.0501929020813091,2,1,9.5367431640625e-07,20,0,0
274,1891558.21268057,809259844.844556,427.827089549487,35421.6650312043,3.32757605617879e-07,1.93416029877858,14.5560907917589,17967.9518320998,17439.1760238948,-28.6960558610739,-41.626008766078,2.2134922615688e-13,1.11101600342658e-14,0.0501929020813091,2,1,9.5367431640625e-07,20,0,0
275,1891558.21268057,809259844.844556,427.827089549487,35599.2915409104,3.32757605617879e-07,1.93416029877858,14.5560907917589,18057.7881246569,17526.9662410438,-28.6960558610739,-41.626008766078,2.2134922615688e-13,1.11101600342658e-14,0.0501929020813091,2,1,9.5367431640625e-07,20,0,0
276,1891558.21268057,809259844.844556,427.827089549487,35777.8152531843,3.32757605617879e-07,1.93416029877858,14.5560907917589,18148.0735987475,17615.2044792271,-28.6960558610739,-41.626008766078,2.2134922615688e-13,1.11101600342658e-14,0.0501929020813091,2,1,9.5367431640625e-07,20,0,0
277,1891558.21268057,809259844.844556,427.827089549487,35957.2407915086,3.32757605617879e-07,1.93416029877858,14.5560907917589,18238.8105002738,17703.8931160252,-28.6960558610739,-41.626008766078,2.2134922615688e-13,1.11101600342658e-14,0.0501929020813091,2,1,9.5367431640625e-07,20,0,0
278,1891558.21268057,809259844.844556,427.827089549487,36137.572804559,3.32757605617879e-07,1.93416029877858,14.5560907917589,18330.0010863679,17793.0345429815,-28.6960558610739,-41.626008766078,2.2134922615688e-13,1.11101600342658e-14,0.0501929020813091,2,1,9.5367431640625e-07,20,0,0
279,1891558.21268057,809259844.844556,427.827089549487,36310.0254029531,3.32757605617879e-07,1.93416029877858,14.5560907917589,18417.1869982392,17878.3012295043,-28.6960558610739,-41.626008766078,2.2134922615688e-13,1.11101600342658e-14,0.0501929020813091,2,1,9.5367431640625e-07,20,0,0
280,1891558.21268057,809259844.844556,427.827089549487,36310.6700630953,3.32757605617879e-07,1.93416029877858,14.5560907917589,18417.1869982392,17878.9458896464,-28.6960558610739,-41.626008766078,2.2134922615688e-13,1.11101600342658e-14,0.0501929020813091,2,1,9.5367431640625e-07,20,0,0
281,1891558.21268057,809259844.844556,427.827089549487,36311.3212233176,3.32757605617879e-07,1.93416029877858,14.5560907917589,18417.1869982392,17879.5970498687,-28.6960558610739,-41.626008766078,2.2134922615688e-13,1.11101600342658e-14,0.0501929020813091,2,1,9.5367431640625e-07,20,0,0
282,1891558.21268057,809259844.844556,427.827089549487,36311.9789491601,3.32757605617879e-07,1.93416029877858,14.5560907917589,18417.1869982392,17880.2547757112,-28.6960558610739,-41.626008766078,2.2134922615688e-13,1.11101600342658e-14,0.0501929020813091,2,1,9.5367431640625e-07,20,0,0
283,1891558.21268057,809259844.844556,427.827089549487,36312.6433068236,3.32757605617879e-07,1.93416029877858,14.5560907917589,18417.1869982392,17880.9191333748,-28.6960558610739,-41.626008766078,2.2134922615688e-13,1.11101600342658e-14,0.0501929020813091,2,1,9.5367431640625e-07,20,0,0
284,1891558.21268057,809259844.844556,427.827089549487,36313.3143631766,3.32757605617879e-07,1.93416029877858,14.5560907917589,18417.1869982392,17881.5901897278,-28.6960558610739,-41.626008766078,2.2134922615688e-13,1.11101600342658e-14,0.0501929020813091,2,1,9.5367431640625e-07,20,0,0
285,1891558.21268057,809259844.844556,427.827089549487,36313.9921857616,3.32757605617879e-07,1.93416029877858,14.5560907917589,18417.1869982392,17882.2680123128,-28.6960558610739,-41.626008766078,2.2134922615688e-13,1.11101600342658e-14,0.0501929020813091,2,1,9.5367431640625e-07,20,0,0
286,1891558.21268057,809259844.844556,427.827089549487,36314.6768428023,3.32757605617879e-07,1.93416029877858,14.5560907917589,18417.1869982392,17882.9526693535,-28.6960558610739,-41.626008766078,2.2134922615688e-13,1.11101600342658e-14,0.0501929020813091,2,1,9.5367431640625e-07,20,0,0
287,1891558.21268057,809259844.844556,427.827089549487,36315.3684032102,3.32757605617879e-07,1.93416029877858,14.5560907917589,18417.1869982392,17883.6442297613,-28.6960558610739,-41.626008766078,2.2134922615688e-13,1.11101600342658e-14,0.0501929020813091,2,1,9.5367431640625e-07,20,0,0
288,1891558.21268057,809259844.844556,427.827089549487,36316.0669365915,3.32757605617879e-07,1.93416029877858,14.5560907917589,18417.1869982392,17884.3427631427,-28.6960558610739,-41.626008766078,2.2134922615688e-13,1.11101600342658e-14,0.0501929020813091,2,1,9.5367431640625e-07,20,0,0
289,1891558.21268057,809259844.844556,427.827089549487,36316.7725132546,3.32757605617879e-07,1.93416029877858,14.5560907917589,18417.1869982392,17885.0483398057,-28.6960558610739,-41.626008766078,2.2134922615688e-13,1.11101600342658e-14,0.0501929020813091,2,1,9.5367431640625e-07,20,0,0
290,1891558.21268057,809259844.844556,427.827089549487,36317.4852042165,3.32757605617879e-07,1.93416029877858,14.5560907917589,18417.1869982392,17885.7610307676,-28.6960558610739,-41.626008766078,2.2134922615688e-13,1.11101600342658e-14,0.0501929020813091,2,1,9.5367431640625e-07,20,0,0
291,1891558.21268057,809259844.844556,427.827089549487,36318.2050812103,3.32757605617879e-07,1.93416029877858,14.5560907917589,18417.1869982392,17886.4809077615,-28.6960558610739,-41.626008766078,2.2134922615688e-13,1.11101600342658e-14,0.0501929020813091,2,1,9.5367431640625e-07,20,0,0
292,1891558.21268057,809259844.844556,427.827089549487,36318.9322166926,3.32757605617879e-07,1.93416029877858,14.5560907917589,18417.1869982392,17887.2080432438,-28.6960558610739,-41.626008766078,2.2134922615688e-13,1.11101600342658e-14,0.0501929020813091,2,1,9.5367431640625e-07,20,0,0
293,1891558.21268057,809259844.844556,427.827089549487,36319.6666838503,3.32757605617879e-07,1.93416029877858,14.5560907917589,18417.1869982392,17887.9425104015,-28.6960558610739,-41.626008766078,2.2134922615688e-13,1.11101600342658e-14,0.0501929020813091,2,1,9.5367431640625e-07,20,0,0
294,1891558.21268057,809259844.844556,427.827089549487,36320.4085566085,3.32757605617879e-07,1.93416029877858,14.5560907917589,18417.1869982392,17888.6843831596,-28.6960558610739,-41.626008766078,2.2134922615688e-13,1.11101600342658e-14,0.0501929020813091,2,1,9.5367431640625e-07,20,0,0
295,1891558.21268057,809259844.844556,427.827089549487,36321.1579096374,3.32757605617879e-07,1.93416029877858,14.5560907917589,18417.1869982392,17889.4337361885,-28.6960558610739,-41.626008766078,2.2134922615688e-13,1.11101600342658e-14,0.0501929020813091,2,1,9.5367431640625e-07,20,0,0
296,1891558.21268057,809259844.844556,427.827089549487,36321.9148183603,3.32757605617879e-07,1.93416029877858,14.5560907917589,18417.1869982392,17890.1906449114,-28.6960558610739,-41.626008766078,2.2134922615688e-13,1.11101600342658e-14,0.0501929020813091,2,1,9.5367431640625e-07,20,0,0
297,1891558.21268057,809259844.844556,427.827089549487,36322.6793589609,3.32757605617879e-07,1.93416029877858,14.5560907917589,18417.1869982392,17890.9551855121,-28.6960558610739,-41.626008766078,2.2134922615688e-13,1.11101600342658e-14,0.0501929020813091,2,1,9.5367431640625e-07,20,0,0
298,1891558.21268057,809259844.844556,427.827089549487,36323.4516083912,3.32757605617879e-07,1.93416029877858,14.5560907917589,18417.1869982392,17891.7274349423,-28.6960558610739,-41.626008766078,2.2134922615688e-13,1.11101600342658e-14,0.0501929020813091,2,1,9.5367431640625e-07,20,0,0
299,1891558.21268057,809259844.844556,427.827089549487,36324.2316443789,3.32757605617879e-07,1.93416029877858,14.5560907917589,18417.1869982392,17892.50747093,-28.6960558610739,-41.626008766078,2.2134922615688e-13,1.11101600342658e-14,0.0501929020813091,2,1,9.5367431640625e-07,20,0,0
300,1891558.21268057,809259844.844556,427.827089549487,36325.0195454355,3.32757605617879e-07,1.93416029877858,14.5560907917589,18417.1869982392,17893.2953719867,-28.6960558610739,-41.626008766078,2.2134922615688e-13,1.11101600342658e-14,0.0501929020813091,2,1,9.5367431640625e-07,20,0,0
